linear_speed, angular_speed
0.00021205366480925682, 0.0030091565731127424
0.0003629719714721414, 0.005146969915574627
0.0006154551907711862, 0.008721779762340003
0.0008004897664359748, 0.011332507923176001
0.0010063861146171285, 0.014253199204254736
0.0008177802405904822, 0.011490729317263486
0.001027328578362127, 0.014440623026147424
0.0012256239579720711, 0.017224627053323047
0.0012172998133986618, 0.01706674674821939
0.0009261558043851604, 0.012872163862406411
0.0008575983270789621, 0.011804530458345038
0.000713581914355916, 0.00967602316296551
0.0005964178516845944, 0.007931250829135712
0.002104535190197634, 0.029245306971247685
0.0016891010882522826, 0.02338686183033013
0.00026820380992747487, 0.003150937555383553
7.868160126301771e-06, -0.0009544819296790699
0.0015091176618441894, 0.02043833964790126
0.0006021067176288444, 0.0076079939694662065
0.0016789966406260855, 0.022789237840260976
0.0004105256899462015, 0.00479874760482992
0.002410020665824368, 0.03301935228136612
0.0003232056806228181, -0.005704234369385695
0.0005831416096712381, 0.0069178618306021036
0.00043085520651602163, 0.004710328691244579
0.0013135141487721574, -0.020080285143497932
0.00114440098177487, -0.016307775950640462
0.0008960136685713848, -0.01278941880564171
0.0009223073321547094, -0.013107016419503582
0.003449095579427251, -0.04888289446384943
0.0026601791875232837, -0.037783644085869546
0.0027740542223752577, -0.0392689384944079
0.002842164090140162, -0.040077752552177735
0.002618385663933523, -0.03672635902459414
0.0021544185196116458, -0.029938237763898642
0.0037556099293544645, -0.05241747120449534
0.002166154265439432, -0.0297785925192404
0.0013163900776632883, -0.017444888627523997
0.002670737639946458, -0.036380283780400514
0.0006871098222984904, -0.008146762496700254
0.0002651636433427567, 0.005625276230768818
0.0011338307007666348, -0.014001168695543204
0.000952563260813932, 0.01559774673897354
0.00030296402832388845, -0.004269587723920906
0.0014161850090871763, 0.02007450887840851
0.0002941164027752697, 0.004278328775252003
0.0015062325084561025, 0.021396633012148322
0.0004621055017998465, 0.006614498965500459
0.0012861544639366236, 0.0181954022523004
0.00014178842470679301, 0.0019448412544840754
0.000981050155318789, 0.01371995601784175
0.0002451358354939844, -0.0036888669325466357
0.0003923042264213435, -0.005895835910387302
0.00017531637480174114, -0.0024986071088541183
0.0009100923423818438, -0.01291977971989219
0.00035172028355283966, -0.005039206613311507
0.0010640150805459759, -0.015093099647952218
0.001058683642425267, -0.015023334096702886
0.0005787060426048207, -0.008179568510670842
0.0010589080207363047, -0.014903085204266897
0.0008017203208331025, -0.0112194557232762
0.000868413101087246, -0.012092581227366336
0.00031777972147804606, -0.004221321502130791
0.00030810198574633197, -0.0039876389360280675
0.0004399916673425214, -0.005797621683670499
0.0002921711168233442, 0.004619167392777598
5.644926682137328e-05, 0.0013525012032702532
3.9016503996652464e-05, 0.0005569711913806819
0.0006553196355221823, 0.009296870148861493
0.00022530771128809142, 0.0032340354607347734
0.00029882091664867557, 0.004244412271344624
0.00040319836007575666, 0.005704438223806718
0.0003048494579369146, 0.00429464878140139
0.0004913670734482225, 0.006911474867939082
0.00029029625801063884, 0.004045594194968065
3.1274346104080345e-05, -0.0005524391484041202
0.00021063632263565072, 0.0028293168894513413
3.6586779567100263e-05, -0.0006856290101979977
0.00040404494694119337, -0.005923867097600591
0.0001949296448173885, -0.0027924401031127885
0.00024360028465104672, -0.003471079109833906
2.100135396839005e-05, 0.00029177045281407053
0.0008741549143608801, -0.012373278151534807
0.00028987404423588516, -0.004126697990294568
0.00017611460029721762, -0.002465838754698352
0.001064708569401468, -0.015026361903654112
0.0002467079937659006, -0.0034517212264601298
0.0012170234134605896, -0.01713759399601506
0.00038593036585378925, -0.0053626025136098345
3.25326614610173e-06, 0.00024604327030963453
0.001032247367538945, -0.014356836376367109
6.125867557734603e-05, -0.0006075960776717425
0.001109324069084287, -0.015386094263055802
0.00013807557506706464, -0.0016304063950468763
0.0010079610365191743, -0.013877814434834148
2.9651831042553734e-05, -6.4098661616933394e-06
0.001117878429943204, -0.01534597424015785
0.00013257015751788018, 0.0023697184432862712
0.0012273846984825277, -0.016810943222089585
0.00020877907768117332, 0.0035223096183861127
0.0013333311439885256, -0.018234895896765267
0.002005616023748539, -0.027814850567981636
0.00021764846134722092, -0.002473979462661398
0.0018825404568829519, -0.025913235576342418
0.0025216050722166026, -0.034983845985577
0.0030448261078373784, -0.042379506830030195
0.0033422655691090885, -0.04652618557947991
0.003613978626186386, -0.050251238877302755
0.003470733379176681, -0.0480500785122839
0.0033158608001173607, -0.04562818576176864
0.0029466784049437425, -0.040143566421188416
0.004377784042289837, -0.06017253758584485
0.005610655471036461, -0.07750447765561129
0.002798353330763618, -0.037460596644636454
0.005234248585473671, -0.07155378175878846
0.005926587651189458, -0.08119345436432984
0.006282303503758624, -0.08600344767579458
0.0027650216102937013, -0.035811762841600536
0.004409897671844668, -0.05854557122699749
0.004045228610002134, -0.0530790813273691
0.0003868546292581888, -0.0008710813696125343
0.0009952600777204433, -0.008974618750503203
0.0014630224497411766, -0.015376809695792923
0.0016045511808426309, 0.02824083534637197
0.0016001952234542503, 0.02275569977003291
0.003323724366387523, 0.04724503884506686
0.004783356300201193, 0.06801490632660777
0.0053825617272300124, 0.07651402114143059
0.008216559596184793, 0.11656672480357938
0.008263016031672381, 0.11712815905909335
0.008403320442983154, 0.11876834216031126
0.0088404746518635, 0.12449474125504188
0.00814110035069308, 0.11405354554020121
0.008848696107777165, 0.12345744324392655
0.006709464291925361, 0.09254431924778508
0.0047541166728541015, 0.06407057588851689
0.0026304454774332864, 0.03321563095973692
0.003418224147581534, 0.04371849390096484
0.00018395351487624965, -0.007746886951581853
0.0021118048925469137, -0.035613082199983846
0.0014035621947330733, -0.019979514776496614
0.004196188355139176, -0.059608574779877674
0.002944602186632556, -0.04198805906723873
0.004669884289437669, -0.06629126077814007
0.004555502121728455, -0.06458102943458023
0.0032038412519617586, -0.045187427491905664
0.002245697816561211, -0.03123493747646694
0.0006045715056941653, 0.009548833091303083
0.0020441907521767857, 0.030403543493188103
0.010000864179236395, 0.14191309597857404
0.013622283755834136, 0.193815902437844
0.015997552246454095, 0.22762964615205786
0.017136217281497532, 0.24348369942524362
0.019261909412657447, 0.2729587415762666
0.018167683893945966, 0.25659535418706425
0.011372392597135995, 0.15901766998534045
0.00898151916530588, 0.12341738253065411
0.003529781991245232, 0.04468143492274262
0.0022597541154918224, -0.03879971541196261
0.005515994604242818, -0.08614571996802443
0.012503261704419124, -0.17761662585618837
0.01742658067928391, -0.24795557845999544
0.016421331141105427, -0.2337982191414614
0.02154157348038288, -0.3057595787889936
0.023416057517177468, -0.33171517266844464
0.02404326130073185, -0.33961034627570547
0.01866931780849611, -0.2620638264620769
0.01929919134258358, -0.2691109344824304
0.0169843795660306, -0.23468136314317783
0.01705301314502602, -0.2340019646109274
0.014576734472133146, -0.19743782980446456
0.020583520919356665, -0.2811352859394781
0.019572290630885995, -0.26588846720877
0.021914350204512056, -0.29785233287216106
0.02013541375039295, -0.27143887049475884
0.016883983443757977, -0.22384262851947698
0.013877595140705455, -0.1795486782257677
0.010656864665465598, -0.13226571690647526
0.002830503433157516, -0.018598127315084388
0.0004419842822739363, 0.02876271484288715
0.004048437391814716, 0.08063981189748265
0.008713652644927131, 0.12393020540459711
0.011899329529755188, 0.16934528221803197
0.014647711575114089, 0.20831454753403292
0.01695414528436949, 0.24074745636256595
0.01887306618643341, 0.26742004128809116
0.019979631392427363, 0.2823294074632374
0.02046343579790052, 0.2881649056352211
0.02022965837062494, 0.2836241120792508
0.019518404389063514, 0.27215158510769566
0.01826287198156243, 0.25286146911028046
0.01637136021611245, 0.22449843511062417
0.01361320462451098, 0.18382882366360007
0.010313335479791748, 0.1354895649139625
0.011296487039669064, 0.14797268247921141
0.00769699360336042, 0.09589010021695343
0.007444177520683427, 0.0911762607225359
0.0018788784356989674, 0.0114102980284835
0.00421468684520139, -0.07601100798493945
0.022211572291552302, -0.3150894761467039
0.03451084483629403, -0.4908063870894255
0.03842911115331719, -0.5469581372709331
0.06070264605995769, -0.8621054036288729
0.052935100186421856, -0.7515008241679415
0.05157805855252345, -0.7293161393355572
0.048122345462993106, -0.6767782841157647
0.035078941000663964, -0.48487570017961024
0.02898738932105572, -0.39495477494628134
0.020806503528160675, -0.27550872391768677
0.012287526036841027, -0.15142839570655017
0.003215665532194356, -0.01987842477263632
0.007550295156680544, 0.13522022486639923
0.01771678751511624, 0.28133575249989007
0.04042323101055165, 0.5749255627572507
0.03853109816827144, 0.548871815193875
0.04205300757722093, 0.5976072469593514
0.043910281854906114, 0.6221192081174169
0.04432490582566625, 0.6256308434227226
0.04729542359050596, 0.6649650999226864
0.04048174668956339, 0.5654675252010061
0.03432094109365419, 0.47449610759008354
0.028031811020927132, 0.3816310336967483
0.021880259980994174, 0.2909084152234499
0.014401729405229614, 0.18171310919267702
0.008279394324613798, 0.0920829424958741
0.0026538779196042164, 0.010033335245930058
0.0036979802299806895, -0.08178284617456652
0.020062875086303434, -0.315166159243782
0.01948956198259931, -0.2781173045857394
0.03126958211724505, -0.44493034862787034
0.026471512073060467, -0.37674753504344444
0.02624782096945978, -0.37205779453093446
0.028848837380947918, -0.40718288218807785
0.024216381102693557, -0.3397801306101128
0.020481768291777443, -0.2846094221251394
0.017116491228183994, -0.2346520605435899
0.009144788820630523, -0.11951849951067686
0.007469071941499103, -0.09360374333637489
0.0024496624140933915, 0.04857013159479436
0.009300831092888838, 0.1473454678068152
0.01596622100847218, 0.2269783460513804
0.012769930230284488, 0.18216381570719842
0.01958245684417942, 0.2782583811370234
0.020732511726884617, 0.2942445314962314
0.01991390073920258, 0.28181680082568944
0.016772012610460598, 0.23602772732234342
0.014653274895573514, 0.20443103750507988
0.011226138589515662, 0.1542980457833048
0.006346996360961248, 0.0835848662027571
0.004221248832149534, 0.05196942711270675
0.0024001556716875564, -0.04302871524172826
0.008246124717091656, -0.1270299714970684
0.009450594583646513, -0.13459066954610893
0.016063409808932734, -0.22847929357338742
0.019710071122876236, -0.2803025121371857
0.018203030300713328, -0.2586106539676176
0.021544158580889185, -0.30501333620620097
0.018552971581331196, -0.2616239931952134
0.017888775677874783, -0.25073810977132266
0.014060974335221832, -0.19498642784937148
0.009430054977859656, -0.12768116118740003
0.0036851127847469124, -0.044589560877535
0.0011553141457975916, 0.025560156416694728
0.008299949514032543, 0.12805996202777956
0.012252285595397537, 0.17423507554294226
0.016035451947404578, 0.22823906240714575
0.02137129209923842, 0.3038684090295065
0.021638444549708154, 0.3073657814470575
0.021952793600180785, 0.31090233721667054
0.021136718525503684, 0.2980807918963994
0.019219122622823707, 0.2693936470706762
0.016071954583401667, 0.2231110532310403
0.01209476895293239, 0.16497681763058158
0.007490929411990143, 0.09798435348014908
0.002465432672916927, 0.025139626969333653
0.0018918534183049503, -0.038014979024806994
0.013599619478720706, -0.2050777446998964
0.022299194698560676, -0.31725044737767966
0.026175446310382863, -0.3727420269582439
0.022229880846629843, -0.3164588228559119
0.02736509048158124, -0.3879131341312707
0.02651128682335255, -0.3745962802173998
0.02332629274883861, -0.3277522441475347
0.018226920768906203, -0.25341437973856573
0.013159398616690732, -0.17935907855176933
0.009197652914520696, -0.1210955347465347
0.0010345039318057393, -0.0035618601151430757
0.0060746383265117086, 0.09896774082859676
0.008063352866705235, 0.11438488893684602
0.016630308224484695, 0.23635073029392362
0.02084416184833565, 0.29657378105496596
0.018463671401017748, 0.26268907229915833
0.021995444361739742, 0.3117988884803613
0.01894699875986273, 0.2676001909782127
0.01852773029167516, 0.26016818121279695
0.015286984797293136, 0.2127316251150826
0.01124309008232249, 0.15375749971418837
0.008950504581597105, 0.11962069945051282
0.002433345574796438, 0.025829624231406473
0.0014859739413901531, 0.01099433241577058
0.005821938026791934, -0.09348361574299535
0.010976884612134056, -0.15590491799210654
0.009475255748372043, -0.13508467556331394
0.010280459186404899, -0.1462493941926331
0.013990489127327341, -0.19843449159460405
0.014047121892365054, -0.19886418225353472
0.011366943988431077, -0.1601511710154028
0.010435210919591697, -0.14590065615417008
0.008612971136299483, -0.11905800706892444
0.005294480685081588, -0.07099690375016152
0.004023153335897419, -0.05194886130869052
0.00019286512384027307, 0.008622409110899905
0.0008097206568677229, 0.018157625157875945
0.005226042439255561, 0.0812056102390282
0.005206572743667554, 0.07424549192893634
0.009010690043207908, 0.1281728684468275
0.010192226985176786, 0.1449562315255387
0.008502168997178204, 0.12073951773979602
0.009550389635038245, 0.1350001764080013
0.007647217520104362, 0.10745141610661255
0.007043538623856208, 0.0981401346549304
0.005437772339894524, 0.07467006158679336
0.0035299594159239837, 0.04690645612276466
0.0013598931149799434, 0.015461149191002298
0.00046131387316814963, 0.0021237481519319826
0.002046847346811182, -0.03384381980160185
0.004074396990499821, -0.057846204080089475
0.004082166546021799, -0.0581521511306439
0.005696204806346203, -0.08099235364438404
0.006143204828715795, -0.08725323000124378
0.005552832399767387, -0.07865716238912697
0.005530773899314562, -0.07796824647109808
0.004691255890838307, -0.06566524536442489
0.004343203499593861, -0.06027390692686909
0.002850504071904395, -0.038681099588842596
0.0012756512002614596, -0.015883889947857895
0.00029215118815568053, 0.006782132865625698
0.0003245907280089333, 0.00759769019068751
0.002588984047113617, 0.03987672468891708
0.003525181298185138, 0.05019988739571486
0.004878168080135149, 0.06943042190212217
0.003758696661423945, 0.05352698421756096
0.00491892934226754, 0.06971950617160556
0.004245377563539325, 0.05996535822385429
0.004621484981415884, 0.06497482017128972
0.0035778990104295303, 0.04987662661450229
0.0031052562613006983, 0.042789906423911714
0.002687606053367575, 0.03651354560443941
0.0017532614773554235, 0.022946507816308664
0.0011762006682692156, 0.01445033646517416
4.0226496331328986e-05, -0.003054576420202402
0.0003662759091240112, -0.007918815953133446
0.0009228382436155778, -0.015945915650207934
0.0015982968558766876, -0.022749090662322148
0.0019968908805738203, -0.028430620668652175
0.002284790212082115, -0.03249330428715496
0.0024262122780745895, -0.03443225543356058
0.002591168620313354, -0.03666197110844307
0.002134453733141507, -0.03004953673248823
0.0020605482280724417, -0.02871035497444822
0.002091316883786312, -0.028979823623828088
0.0002158911024884981, 0.0030638849384616515
0.00034425398236069836, 0.004879335059724465
0.00047037137018966595, 0.006655667773320514
0.0005794619425025273, 0.008181835170596207
0.0012629278534481343, 0.017877646706685887
0.001313163892774347, 0.018577504901683032
0.0015026180899608455, 0.0212347732224837
0.001639229856363944, 0.023120436878947007
0.0017280006295031618, 0.024306224327782663
0.0018354714045402609, 0.025738552895570647
0.0018165609535235037, 0.025367087950463885
0.0013495859217681023, 0.018623837422973178
0.001182528489272954, 0.016099062288203896
0.0023065186363869913, 0.03190227161351891
0.0006003774249902095, 0.007662051021071495
0.0010358895080000573, 0.013629886847141816
0.0008295782183104356, -0.012926048236590904
4.47768786590175e-05, -0.0019951706134065978
0.001171023827254901, -0.01661224214794927
0.0008529575949838173, 0.012024909240323595
0.0016355445609629168, -0.02317639048007391
0.0006245014915918189, -0.008976683699902881
0.0020928133044809745, -0.029737802719812502
0.0011177954868888309, -0.015943931370729896
0.001198921652697038, -0.016975153549198232
0.0006591055233090348, -0.009222245704266796
0.0027849445271660835, -0.039245210904813685
0.0019513415042774975, -0.027464123434233344
0.001763268126135974, -0.024665031796694877
0.001799916841077113, -0.025035056459781206
0.003904874287339646, -0.05475023898332285
0.0027545295041204077, -0.03842875187637962
0.002456133322490794, -0.033980942893867314
0.0020773822862895632, -0.028381753216393357
0.0015798416436780722, -0.02109855748695745
0.0008589706752468247, -0.010655713507375465
0.0025860171804707385, -0.03493914770119431
0.0007843147908056301, -0.009357710169001662
2.8687760760866092e-05, 0.002387798149096943
0.0015351919503145265, -0.019608492782186508
0.00035682565837014113, 0.007216167267114023
0.0010362695773906095, -0.012379278918503881
0.00048376680607761617, 0.00915688615406423
0.0014450039093471408, 0.020500349824631305
0.0001473495192614005, -0.002000722755801659
0.0012271595153201028, 0.01738443150186131
2.989793771153394e-05, -0.0004097372613853451
0.0008145426997931359, 0.011461799855826082
9.526781597491877e-05, -0.0014420017613944983
0.0005493300223034959, -0.007967112717166132
6.0489211600737884e-05, 0.0008330117942201438
0.000573847669359924, -0.008138714760630543
0.00024741350502770904, -0.0035374100482762558
0.0007044337448954849, -0.009992326437085912
0.0009208849997290152, -0.013067174875064449
0.0004896140650876897, -0.006940546690422008
0.000676785500690515, -0.00952965791892432
0.0009364455297710371, -0.013172373071996972
0.00024604160149292406, -0.003351673417692197
0.0005560788195105352, -0.0076576250931697214
0.0006663520585390157, -0.00918546930620652
0.00016695853593043158, 0.002664279821984443
0.00030650171956481375, -0.003959878813257803
0.00020019373927892498, -0.0024419460912625366
0.0004023967132389696, 0.006126117728429064
6.736748359936271e-05, -0.0009377507448945807
0.00016974419689729618, 0.0024060535349013238
0.00035677130432954765, 0.005065756006454999
0.00010701646171921539, 0.0015324631919960555
0.0002728700535774226, 0.003860742966758179
5.040352275671774e-06, -8.668225807285804e-05
3.3443396358858344e-05, -0.0005195084410416453
4.6145893674587396e-05, -0.0007163942111313114
0.000166269430212205, -0.002359203348122708
0.00020128144701874059, -0.0028649246558137597
0.0002753800300335019, -0.003916464452474384
0.00013011147789164572, -0.0018536195371781122
4.2466310078362654e-05, -0.0005902670998911415
0.00066016091170338, -0.009330100553650012
0.00013641409153269528, -0.0019278390815250204
0.00017088582595744584, -0.002373625422061692
0.0007201476402190182, -0.010138612899237709
8.778691694878704e-05, -0.0011849694566688348
0.00018319489881255126, -0.0024806801289586206
0.0006323944426147608, -0.008824942624445362
0.00011598257982006993, -0.0015085307655825849
6.210359518855569e-05, -0.0006938360249642292
0.0005578296677903567, -0.007691488568588653
0.0001245522256689508, -0.0015583082394866827
0.0008940686352713622, -0.01243136819289176
1.3935722922438622e-05, 2.866279687466309e-05
8.368855122761493e-05, 0.0014877751162634268
0.0007200712513949893, -0.009867641949651902
1.1815299491454404e-06, 0.00033077590582469753
0.0011654470671898442, -0.016160654529520542
5.0429605315697795e-05, 0.0010388037664074362
0.0013718670848907643, -0.019039153175210037
3.103187592606692e-05, -6.488281361408891e-05
0.0014508949805698706, -0.020091911064550563
0.002146534370798157, -0.029988129858506796
0.0003409462052245151, -0.004386359110034309
0.0019309134883744475, -0.02675070590835476
0.002442969675547409, -0.034004269007084885
0.00041239394641460125, -0.005163369627501536
0.001947646878211022, -0.02670309604218405
0.002447360049498784, -0.03375156402090172
0.002789008807153919, -0.03853832331005327
0.0029861905982115308, -0.041238120093057835
0.003160275325818921, -0.043569776038612125
0.0030289514503161895, -0.041541024510496176
0.0029387215637042287, -0.040055701656799066
0.005750192312439394, -0.07971087568799143
0.009074132044917037, -0.12680826989758812
0.009402694122073455, -0.13144095482202953
0.006344042968075112, -0.08773894394770616
0.008935534722618928, -0.12380021129357782
0.009356778944206473, -0.1293527718829505
0.0054887792356512555, -0.07398552641512879
0.00658230380619847, -0.0886635540108406
0.005676795281499682, -0.07527395858849363
0.001843434950393429, -0.02034473448421443
0.001354044996469675, -0.012689107305098677
3.860326943845973e-06, 0.006905162195979095
0.0023954339155328585, 0.04127391920423154
0.003917898796751644, 0.0557217179960207
0.005104723892043039, 0.07265983925828084
0.006894457169155738, 0.09802362968297221
0.008669423068908201, 0.12310721869300922
0.01022825012185899, 0.14502271027147193
0.01012060937328936, 0.14317337763356544
0.010471317546583018, 0.14759983345798056
0.009686768526397441, 0.1358444272765401
0.00853856858966135, 0.11880974596987387
0.009223483362292161, 0.1277193602835549
0.006112275313310808, 0.08292003808870635
0.003916970204604887, 0.05092147182129238
0.0012446892057245231, 0.012234645888182974
0.002220568445662951, 0.025379940078678782
0.0017070404740375884, -0.030647624292078773
0.0038001913817857615, -0.060803275159584974
0.0027925717723592896, -0.039929976725397415
0.00553243893281077, -0.07868388702540732
0.006031370776645682, -0.0857701982259356
0.004367215978597208, -0.06199975809887995
0.004825391940817687, -0.06808773405417737
0.003482267607801361, -0.04869775507234223
0.002027665528994191, -0.027636138927014102
0.0012225549793261556, 0.018893811640884668
0.007195252139085169, 0.10409039844783674
0.015225596421859156, 0.21644622514043993
0.017144357771153366, 0.24415358325230757
0.012479845107775235, 0.17780554840294582
0.016286295605723446, 0.23077230219413802
0.017707743384886804, 0.250184627499982
0.015611523224362626, 0.2195628314584343
0.011437370400794195, 0.15913279039995626
0.005951058293433671, 0.07987470028617144
0.0016968711816353638, 0.018057196616109904
0.004313207723593121, -0.06839894935076998
0.009773519040876054, -0.14687032599906558
0.010998790391059157, -0.15678055381764427
0.017001596747761215, -0.2419159679104827
0.020413291776431385, -0.29026029578870444
0.01814889535760932, -0.2577037979012103
0.021527018648866303, -0.3044964265696574
0.02192243729837484, -0.3090730666898531
0.02103323052826981, -0.2951710761614617
0.015169565125626932, -0.21049804221288382
0.014661056044095577, -0.20139407171911744
0.017252229620552006, -0.23660414728544557
0.021795506497856696, -0.2998912432413774
0.029435883199320965, -0.4073283989706149
0.02607276120002318, -0.358849691756724
0.026329522536378814, -0.36083069534936596
0.025167645348562764, -0.3425925542037298
0.023300598962752196, -0.3142114650232117
0.014301274896760254, -0.18296073831415668
0.010746694913203497, -0.13083981820948673
0.00661596425179719, -0.07069734112140863
0.0020949004589826204, -0.0051954196924866025
0.0024858832174546657, 0.06093133557287595
0.007138853710277494, 0.12780245221983305
0.01361777461319643, 0.19383187529816231
0.017328898604835368, 0.24670271009397954
0.020276331984945377, 0.28834712599503487
0.022586755940520856, 0.32057258665577604
0.023974709754453236, 0.33937300642950563
0.02504670730895756, 0.3533787683848762
0.02479534632970046, 0.34838896648047585
0.023715126823028464, 0.3314117287641416
0.021602000065336593, 0.29963011356270686
0.019443944429964735, 0.2671137002171386
0.016536548728912102, 0.22400028781789327
0.01496245372962044, 0.19985045306145063
0.013628415002048899, 0.1793259730854233
0.01297304783576951, 0.1686160885538402
0.010625711576032502, 0.1341010928322713
0.0040700478488403, 0.039924217809607164
0.003153679382979382, -0.06388263200354503
0.020165183944647336, -0.30637708634996136
0.024069130761234774, -0.3429610279830946
0.030751332986956807, -0.4378424888370438
0.03198813488271376, -0.4549554193518634
0.051606821714734505, -0.7319129149913968
0.049140037891618096, -0.6962896960928671
0.05028973604931256, -0.7102180679471042
0.04675289473990103, -0.6571108960626185
0.041607353871681275, -0.5805780806351993
0.034740326717228855, -0.47936087304272346
0.02737722787653811, -0.3710654892696372
0.018864635761812534, -0.24667892889900303
0.010285902361514086, -0.12167316387812428
0.0020560076484596387, -0.0020959207476594355
0.0055191920471441966, 0.10760577706139082
0.01741847126801338, 0.24772185289435242
0.03345126325760546, 0.47569366762534454
0.0362695590308273, 0.5162949097821511
0.04640792083847007, 0.6593353514326892
0.05491249776148378, 0.778846424662246
0.0613714747557867, 0.8686929459200553
0.06036948673952222, 0.8519592296031558
0.056213384367581144, 0.7894161578233169
0.05160913047008625, 0.7198222014501555
0.04493366654607196, 0.6206362631449522
0.036766382516855496, 0.500237399484915
0.029894492668719977, 0.39834906367412015
0.016575610843934434, 0.20549007615082404
0.008921879060916285, 0.09308305801487576
0.0021330892295448774, -0.006156540854817372
0.005593210708284857, -0.11789012986209313
0.013878231065027209, -0.1968641016875016
0.030894135752350983, -0.4389998351856887
0.027942397642519202, -0.3980731824083864
0.030463438245278158, -0.4329814245229935
0.03376376988745681, -0.4784768353759284
0.02959899659266777, -0.4178207448970613
0.028050545361444357, -0.39355569193765993
0.024911610730744178, -0.3466882388146071
0.021557345016261248, -0.29670998934547543
0.013520126105153341, -0.18039667195537484
0.005192777985407761, -0.05985415327145896
0.0024950192040811984, 0.051391487573308074
0.009725920294679124, 0.15568998454741992
0.008339550874223075, 0.11883186301749227
0.016933318170460142, 0.2407486930897568
0.020299547176244968, 0.28872265681590703
0.01994297669547253, 0.28336305616666413
0.018925018173524967, 0.2680002102213953
0.019224154965858973, 0.27097406465754287
0.016860633940938462, 0.23613150212434522
0.014595746847570507, 0.2024906831381833
0.009690813294345377, 0.13140452894052695
0.007653591730606125, 0.10091408496139444
0.0010707628367839913, 0.006277857974572892
0.004943841508991188, -0.08033392084433277
0.00646195448529982, -0.09167626381444877
0.013787702484896504, -0.19593911596637842
0.018220065927552653, -0.259193945145047
0.01735521148239085, -0.24688864386478915
0.021540795192732422, -0.30550315448598525
0.018937713417714396, -0.2678194502103228
0.019297285974500467, -0.2715775234218072
0.015321129064788346, -0.21383126233316338
0.01159812631392182, -0.15939466652340628
0.007027533466454523, -0.09296038323980307
0.0001875759724520266, 0.005556999150787972
0.003907088821380969, 0.0650536821584079
0.008465879295812941, 0.13066578366198178
0.0166210571040357, 0.23643487203147795
0.018244146824459236, 0.25986729698354283
0.020394726352232054, 0.29006136244659436
0.02136373968964053, 0.30310414050654033
0.02119045896508696, 0.2995961920076946
0.019940904429790837, 0.2805429415821489
0.017228359421214527, 0.2405419938287287
0.012274308343312997, 0.16861079721134858
0.00516397899373519, 0.06599488714226423
0.0011501138153201763, -0.025325485832513144
0.00011284859502615598, -0.01207009960344732
0.008276984224669956, -0.12846590690874282
0.01364646723016302, -0.19412325198243807
0.01728373661975983, -0.24604568502367696
0.01923690440712218, -0.2736341721065691
0.015746456193936113, -0.2235541340166075
0.01764164571358597, -0.24921529677269946
0.015562298527341843, -0.2186418511590169
0.012194023878642442, -0.16954760936261737
0.008682917976208755, -0.11830646429307087
0.004031034641275831, -0.05094389947585221
0.00224741714991107, -0.02435279202681208
0.0038086741181527256, 0.0624348619558263
0.004239041520022026, 0.06942637967987357
0.010505142934026254, 0.14936518243493463
0.013466007261359297, 0.19167771480919954
0.012150676238730413, 0.17297805026722385
0.01477987831281094, 0.20966479800796792
0.012829972020850016, 0.1814157723326862
0.012686634747685636, 0.17841721844092462
0.010340899373421676, 0.1441788065691763
0.008368547130682866, 0.1151071291119028
0.004642035915047648, 0.061203896136295885
0.0035069944672533582, 0.04404598310154231
0.0011806320738625164, -0.023201691213900234
0.00131829870446659, -0.025942944292647083
0.0063314773815891685, -0.08979883863776278
0.005684494615504755, -0.08100500517430072
0.00889872662864203, -0.12651115413145772
0.007474126102982007, -0.10625201551896898
0.009021489171289455, -0.12775361776193359
0.007721084160133023, -0.10890372310958706
0.0075457211827891744, -0.10579872969558148
0.00572697193746378, -0.07939726578608898
0.004528672315067347, -0.06170857582279665
0.0019760559835600225, -0.024875022028086946
0.0013758596728789157, -0.015726481597091668
0.0016886593015453526, 0.028159592967843483
0.0017870032235723443, 0.02999704149087684
0.005099943882237816, 0.07247946147772097
0.006616035359135069, 0.09416460164768724
0.005465657523556852, 0.0778466348006376
0.007008004933232693, 0.09940431148490544
0.0056737034385650675, 0.0802117993814593
0.006024353572031446, 0.08470861050621686
0.005120571121072299, 0.07146200506092136
0.003840493108464813, 0.05281465317196431
0.0026687298297234474, 0.03568248971272038
0.0017787142280396389, 0.02259057755507792
0.00013141480374284946, -0.0011571020063817737
0.0011639333318577225, -0.01988259815234098
0.0017205032474441938, -0.02441046855799508
0.0031204754296722086, -0.04436168907716383
0.003658951969942814, -0.05206920197079583
0.003654769969893358, -0.05196322459297931
0.0040478544963373445, -0.05737875370352076
0.003754212705285029, -0.053022215723942494
0.0032860865821824382, -0.046118611927237624
0.003162849376163722, -0.04407023051925662
0.0020903022132601813, -0.02857909324564633
0.00019209731012382724, -0.0013362747642029042
0.001202711782455569, 0.018798529942084388
0.00064137805208178, 0.011105207899417817
0.002628176237807209, 0.037332546965290356
0.00478588647183019, 0.06804402153697206
0.005377419284019414, 0.07652352151951161
0.006779492429003829, 0.09631301663181824
0.007267010478851111, 0.10306525341129363
0.01061680533663935, 0.15027007836940065
0.010215262616528909, 0.144357462539301
0.00929299950205001, 0.1307520258563556
0.009844223238550203, 0.13787140274912046
0.00883412236952767, 0.12288507996153429
0.00815610673940597, 0.11251396482775693
0.006717119062016721, 0.09136172701736443
0.005336643023410369, 0.07102565365986405
0.004345543776720791, 0.05626344362677893
0.0028243119706519862, 0.03408551548208741
0.001373058853297761, 0.01295833052221615
4.090808272652299e-05, -0.007548548345947365
0.0018070482348770448, -0.03294639973928263
0.001123456237497502, -0.016043658649043425
0.0006300818298225188, -0.008946974290478516
0.0006436761639046499, -0.009089959764196387
0.001979368757540261, 0.028220957396448577
0.0038821003730426422, 0.05521701430438527
0.0030725036209106964, 0.043443884842207674
0.0033510033755199476, 0.047063930739432866
0.004010824874787563, 0.056246124206356926
0.00459228881413182, 0.06432128582618071
0.00531503316878088, 0.07421140414825467
0.004968491921754281, 0.06908343697172778
0.004556450867253004, 0.06291751705815035
0.004243355018117935, 0.058108869717536676
0.0038468760356886733, 0.05211636279532786
0.003672699760255192, 0.04928338319264123
0.0030828616033969393, 0.04058791797569061
0.0020131297823513424, 0.025085062090789152
0.001438731889999823, 0.01659985499535258
0.0008468922686967729, -0.016087696217244995
6.662057501412755e-06, -0.004302761016571007
3.1920459282540066e-05, -0.004918812605367688
0.0015626690373357534, -0.022186806327635623
0.0027966816388350106, -0.03976229011252602
0.002389186396449301, -0.03403825907964678
0.001530357595230405, -0.021757961340525933
0.004881259253415703, -0.06908977248059575
0.003974972256832312, -0.05628666121993179
0.005191727959350672, -0.07333369975386404
0.00433408764058021, -0.060991875112525365
0.0036702124101395148, -0.05124315766063219
0.002987300807432746, -0.04118969266247686
0.004680627687134818, -0.06484322675331743
0.0027753024764083883, -0.03763375476118494
0.0019227588518166204, -0.025162995547946352
0.0007677487456097577, -0.008439845921289305
0.000274736043125521, -0.001138258952835862
0.0006167751226900068, 0.011714462411674271
0.0012804230414550184, -0.015028792915254167
0.0006945361509538637, 0.012917606141626797
0.00165631556629028, 0.023519867819240876
0.0020567784456686816, 0.02927526110266057
1.0928370102306442e-05, 0.0002622246979851802
0.0015136849021014807, 0.021375021879877942
0.0002858190710300638, -0.004156645538827148
0.0006260352861882934, 0.008605061407040206
0.0006310716303227482, 0.008656252812943374
0.0009491219364815295, -0.013786817652750936
0.00023925164545369814, -0.003425055803611567
0.0014806605843008958, -0.02101874042744739
0.0009463633959150238, -0.013501581848566205
0.0016775374382983056, -0.023814793677699474
0.0012487845588605077, -0.017714819499179642
0.0017357117368378909, -0.024522764434619673
0.001824314727655621, -0.025713295669909948
0.001008157031582294, -0.014046433247718445
0.0013306723274212253, -0.01845727586175115
0.00036703702988421, -0.004691025276939084
0.0007324603021912009, -0.009716319684149982
0.0005866343301216084, -0.0075784017161260285
0.00039762074686913214, 0.006450121504452753
6.526646823227729e-05, 0.001851481491551203
9.6143064590247e-05, 0.0013659319392507253
0.0010471215139491055, 0.014856794322123265
0.0005839306840805462, 0.008343958823770608
0.00036059090162136734, 0.005138245690946288
0.0010315957177813011, 0.014599921026995366
0.0005277326871126445, 0.007453707649679695
0.0003227105793532552, 0.004477264832253699
0.0005062290115558394, 0.007013213563765671
2.4270127875449334e-05, 0.00014358080273053605
3.045854851784543e-06, -0.00022243027469058497
8.678099396523029e-05, -0.0015310407877052912
0.0004598431933196421, -0.006844393101537257
0.0004404009017497248, -0.006283701203367056
0.0006457253344041099, -0.00919063327523731
0.0008856561487723997, -0.012587001495115532
0.0005657517626850915, -0.008037492338768859
0.0006812774183780375, -0.009617355354966722
0.0004409273238216003, -0.006165056937513619
0.0006500708633990898, -0.009069433662884693
0.0004226472026869887, -0.005809401868356006
0.00018911704582706243, -0.002442409405427243
0.0005609946214721157, -0.007659244164957968
7.133860252072003e-05, -0.0007020370076174132
0.0001061974431042831, 0.0018720182720002609
0.00038578896360393956, -0.005064315523294076
0.0001829655021218475, 0.002987997594554744
0.00024929324877370437, 0.0035356678380781877
0.00029390571686231166, -0.004153060961016561
0.00029026886401674313, 0.004103434509071412
0.00023238371914186277, 0.003312007218364853
0.0004193984947902967, -0.005931308305524918
0.0001313150118154648, 0.001842629489431247
0.0009092290505642946, -0.012894557095777366
6.0516676970261845e-05, 0.0007863644249358204
7.455359690578355e-05, 0.0010496529429916157
0.0009672200603593063, -0.013693658130236857
6.313803406742183e-05, -0.0009219020643593083
0.00148083357025064, -0.02096290629938495
0.00017709240559054477, -0.0025237021527698845
0.0016902139304324508, -0.02387516399094884
0.002241616553647368, -0.03172598131089207
0.0004940009539228499, -0.006927882274973813
0.0020622980421005957, -0.028974507664698734
0.0002975137529747059, -0.003924095952063814
0.0017810013616685345, -0.024769560919173275
0.0023432961949875603, -0.03272589733995987
0.002586617249190399, -0.03613729302732585
0.00040524181545703683, -0.005110141398979426
0.0018477642581384353, -0.025295868113399518
0.002371713171176134, -0.03266281678523221
0.0026934042313923557, -0.03715885217641811
0.003047758454480291, -0.042085429305122574
0.003146306658661113, -0.04335779810214821
0.003180142218472632, -0.04367067134880888
0.0051097563140640396, -0.0708415682218717
0.006828581368247886, -0.09512312278390687
0.006914085079866551, -0.0962078364039397
0.0076896022523755434, -0.10689942742624767
0.007739813221971102, -0.10725279058176664
0.0038320135974852245, -0.051374372362364557
0.005163099969512738, -0.069503637440839
0.0017866425814240098, -0.021185264178836857
0.0019785471118133153, -0.02330120276040586
0.00082286027097479, -0.006560086072165218
0.0006199977649014627, 0.01421190234880605
0.004369397538601562, 0.06764859570690324
0.006517264128951473, 0.09278783787848399
0.008179033052202165, 0.1164505326768889
0.009194668711294018, 0.13076271455209557
0.011727590820908983, 0.16639776872671053
0.01223205096525558, 0.17322040670855965
0.011854850469040697, 0.16730057131340695
0.011847369383048947, 0.16643172729722966
0.011087341978187113, 0.15483025193609332
0.011423930740464687, 0.15870738922666103
0.008440258095213246, 0.11555505726365486
0.0057689943296368364, 0.07665141076290097
0.00268856581576427, 0.031983690358837726
0.003774369113758563, 0.04649854847399237
0.0010839069895196753, -0.022868789045352673
0.003788388310459158, -0.06187749884536748
0.002804945579815776, -0.04002481857104137
0.006550711177999295, -0.09311330265414461
0.007410343337135302, -0.10541098018469447
0.00563080359681935, -0.08003719939575898
0.006679042843601173, -0.09445232694853585
0.005514426245947868, -0.07756205261670009
0.004102979140385297, -0.05703858379244126
0.002158354140617001, -0.028915027944313637
0.0016284144608469785, 0.02533290284685176
0.003518628768288956, 0.05272165917499151
0.015031754182121656, 0.2134090582979321
0.024668538471374974, 0.35080622509151105
0.0286485931569837, 0.40765249458882075
0.030277653523450365, 0.43028960890699913
0.02548346984265643, 0.3610996978142719
0.03003863689825833, 0.42368410671533374
0.022515754212067994, 0.31530650920154657
0.019172078001917565, 0.2654705019807085
0.01141509740718593, 0.15320977905220562
0.002360710819565184, 0.02249413754006309
0.0020580804287847303, -0.04229313124925261
0.013013511027757668, -0.19906892758267541
0.02464217787330543, -0.35034862944540124
0.022883105963006026, -0.32617108077970075
0.03260551426384082, -0.4634300490082658
0.036528441390393206, -0.5184915877239415
0.03747753179970938, -0.5306942219818512
0.030187023314123172, -0.42536972016796026
0.030352442603197995, -0.42491351465024546
0.025680295913598647, -0.35613363908159085
0.01751313039236733, -0.23763743829830825
0.015444977216455807, -0.20552957345442077
0.02365421771838669, -0.31980212367393224
0.02352985075144086, -0.316910658764633
0.01909852512777829, -0.2526531145667886
0.014981018417189833, -0.19244768439524204
0.011444818563183454, -0.1404703337700606
0.007680940894624004, -0.08544767762541144
0.003974647196606803, -0.03145621120824599
0.00025893140148329627, 0.02975790754733414
0.008588429648731407, 0.12218062562871762
0.011376377911093203, 0.1619853914708916
0.013901920936281675, 0.1977900617564698
0.01624460494594001, 0.2307405056946883
0.018441061083257413, 0.26138047385560825
0.020353473644486416, 0.28777738064877134
0.020608014798385466, 0.290455990211505
0.02081747103094506, 0.292221157686309
0.020388448114669104, 0.28478242673267795
0.019803633759241327, 0.27501523915091053
0.01777799889938975, 0.24476340707437289
0.015535304631465924, 0.2113452432027936
0.01531821331380551, 0.206675534731696
0.01269941617129259, 0.16816488755053233
0.009273014907346137, 0.11817861069803984
0.009275013030263273, 0.11685465049919942
0.010902476053191563, 0.13894227742917575
0.007385396715184567, 0.0883531071552842
0.0083519157484345, 0.1011254962925063
0.004033707349225474, 0.03923804579362917
0.003081355353121756, -0.0625229398562095
0.019136692895727732, -0.29119214225531004
0.01545043926244986, -0.2207171459675517
0.027162108052430325, -0.386412851710615
0.022719515173262605, -0.3233414585229067
0.022766305188477033, -0.3226970167868903
0.021970585603284843, -0.3099101902025602
0.01995877430002084, -0.2797285089250354
0.016037583989741845, -0.22235165149900712
0.012457057892683865, -0.16970965434552537
0.008608491612567205, -0.1133871302831169
0.004431005340462472, -0.052581687668551244
0.00024046320814508602, 0.008190162489789377
0.003271468365337895, 0.05906944233668521
0.008344470157530424, 0.11838661567673707
0.01233882986470531, 0.17550726691962895
0.01924150679339217, 0.2735776161397899
0.019453594024387413, 0.27663799602870637
0.020710154979102988, 0.29378725691971924
0.021901003972087666, 0.3096925816863648
0.02235598553014331, 0.31495467883120437
0.02195812571921377, 0.3079303656987588
0.021228492080747615, 0.29603812224925874
0.031232020439016694, 0.4362820371991759
0.036859374513404056, 0.5151030598690669
0.03498829439249246, 0.4872738650367123
0.029741438702687133, 0.41075226579956164
0.02665104688360066, 0.36426679258082506
0.01976774203457719, 0.2640414588820778
0.017785476562840373, 0.23324057618996824
0.021682484216060238, 0.2863376091130446
0.019740071127613026, 0.2573184236033623
0.01298882043812398, 0.15996098222327065
0.004672983662883441, 0.040126899100902405
0.004197061681907002, 0.03149269040875178
0.0044076528561394195, 0.03338954732997794
0.00120203653838992, -0.0467907259724632
0.005419053314751262, -0.10734144268996451
0.007659780197636338, -0.10920289587969284
0.011021209075642066, -0.15686203408836302
0.010593169453694998, -0.1507052498118711
0.012019350837970235, -0.17045415529657282
0.011294427813997327, -0.15962567565786057
0.0101590632314556, -0.14275850926579534
0.010045292761831215, -0.1402725354026709
0.007795872258132771, -0.10754972320692224
0.0061172936451427485, -0.08282540926870516
0.004452488795442102, -0.0583668347013493
0.004177026124804161, -0.053713141894979305
0.0030330244071296924, -0.036940922097254324
0.0005182117411825964, -0.0007879218598632713
0.001032839639469197, 0.021705890793896614
0.0023050246607467934, 0.040096748863323484
0.003569794502970254, 0.05083677581716034
0.004341465550314054, 0.06182213465795482
0.004491446057182376, 0.06388497455718282
0.004028540053466442, 0.05713572707258249
0.004590776469197535, 0.06482177186457917
0.0032405530350517048, 0.04541215020408935
0.0018574036675161997, 0.02541309204937967
0.0004901940848636216, 0.005626379171347354
0.0010818795797742525, 0.013667248963994896
0.0014219633801338392, -0.021999513262377264
0.003001897951336692, -0.04259386619430903
0.0018738714307325016, -0.02676161999700945
0.003943612640401581, -0.05602001614129077
0.0025909530276384905, -0.036844265591134136
0.003862314325531177, -0.05465119431383824
0.0021463879200829547, -0.030183404150101137
0.0013301709761034323, -0.018294065566259607
0.0004660594699277767, -0.0057517084366728345
0.0002632065905103281, -0.0026288139924238903
0.001318952111780212, 0.019961953422975597
0.002178405837834372, 0.030950039342504728
0.002979568041076088, 0.04239835790895155
0.0035752830637002975, 0.05085891447240576
0.0034451749280700965, 0.048945792462533
0.006220721218684829, 0.08813475304927151
0.006726134713872003, 0.09525570163398907
0.0067280473712344165, 0.09506063193167831
0.006616674383919782, 0.09312080809753247
0.00577872966062665, 0.08080005175173556
0.004836262976761868, 0.0669189343729646
0.003447951264640212, 0.04670079454599313
0.0034077750407496654, 0.045604166579887834
0.0013053162812586908, 0.015395244144224152
0.0005110390994787521, -0.010809913349005362
4.315497623730562e-05, -0.003326674757204071
0.002229676502322511, -0.035689867956669286
0.003822971502942022, -0.054392967837828946
0.0027570227763648995, -0.03936109677896275
0.004227866103602328, -0.060058238060158746
0.004429160276579584, -0.06281760837831182
0.0030708413984571535, -0.04336123443397974
0.003240955608746201, -0.045430249920090614
0.002236079220124757, -0.03090203143331334
0.0014270506260142999, -0.01910841117444836
0.0004446683654883381, -0.0048841162560979475
0.0003115679674097067, 0.006098654610914532
0.0014973397257032931, 0.023105081362094965
0.0017158956198419391, 0.024432773228788004
0.003081913195714912, 0.043828368587128935
0.003459403292226105, 0.049213001366589466
0.003209542904376472, 0.0455941688374431
0.003565867871909991, 0.05046633124372334
0.003036648589604204, 0.04277190444487662
0.0031917633093522164, 0.04471249785392015
0.0026377442102322192, 0.036621876723061754
0.002010168474115753, 0.027453013051347997
0.0014819537553856618, 0.019692082786537904
0.00026448281009233275, 0.0021851904100647183
0.00040473025635229503, -0.0075530747052099355
0.0006321406921965675, -0.01095020899865718
0.001716164378184806, -0.024379849032833863
0.0014227840721192917, -0.02028919114076879
0.002134980089960635, -0.030344125218545445
0.0018291122836407005, -0.025973660717133064
0.0019081395076213262, -0.02698042016811165
0.0016615728930385574, -0.02336294967902889
0.0013165893121670287, -0.018323937573884137
0.0008118288331324161, -0.011009261746311647
0.0007665380957202984, -0.010209382227246197
0.00021002856352261086, 0.003751906050464429
0.0007532733907820414, 0.011598845129339765
0.0006841817327616242, 0.009740830156963304
0.001563761535855016, 0.022225271153504006
0.0019765446232436657, 0.028112754705674682
0.0015112705885151527, 0.021498349568252896
0.0019908207915082608, 0.028190064496798787
0.002221519336717032, 0.031379656350541824
0.0014493610031821843, 0.020327706220509452
0.0015595890074404507, 0.02171116095058209
0.0015690965149584785, 0.0217085767900699
0.0011006476682962295, 0.014939287607587148
0.0004967961111938093, 0.00622659304316429
0.0004064882024424042, 0.004794752797696162
5.841698307964936e-05, -0.0018970255710208097
0.0013993668125508647, 0.01868697709519623
0.003817443846014013, 0.05302842135989431
0.0040395394782354686, 0.056300994036463464
0.00497891497375206, 0.069561458011795
0.005239937866488019, 0.07314268707737956
0.005704420032168906, 0.07950390424391059
0.005688959229688836, 0.07900794216964767
0.006572796548596846, 0.0911946952896182
0.005417898717574484, 0.07448733394131996
0.004937771063281827, 0.06720404504965581
0.004501952948666086, 0.06055969883875164
0.003772463239518814, 0.04977740112455247
0.002821663729533709, 0.03586952665460909
0.0014372841827479024, 0.015833715285882472
0.001760165816263632, 0.02003128833318106
0.001227843754353487, 0.01226653806031764
0.00033003677925171635, -0.0006600966559823021
0.0006043279453058436, -0.01409633316752915
0.0014341323583487772, -0.020365544675937014
0.002160027282375762, -0.03072552781003967
0.002183197777504068, -0.031078439805375745
0.0028115926349887655, -0.03992438017202647
0.00244323031455699, -0.034624046257293456
0.002499853090073551, -0.03526224186831108
0.0023684900741706362, -0.033130983785190304
