0.0008384891502352491, 0.0002977176186520629, 0.001992703117664091, 0.1694123436533639, 0.0146758823891945
-0.003951962954955514, 0.00033660229474367096, 0.0011729641869303539, 0.2074869749890063, 0.02436853688005055
-0.005843758337024829, 0.00034805028688672025, 0.00011106472664487899, 0.2395856349292074, 0.041604927783663856
-0.006340729865721095, 0.0003787480823501142, 0.0012881113771064598, 0.2678657264269681, 0.06111276087302506
-0.0016505398810957722, 0.0004217412624330619, 0.0022392280462902015, 0.29343400688255894, 0.08243347324025119
0.008408185505438676, 0.0005701574393355557, 0.0017700521264833258, 0.3169482981698398, 0.10522223858217224
0.0021600912992567334, 0.0003332092764965742, 0.005822293308098368, 0.35940031994590566, 0.15413388173580794
-0.0019022128611135003, -6.9835295255244595e-06, 0.006413298460436017, 0.3973639291443553, 0.2060481453426486
-0.0008265002051588421, -0.00017815815822321175, 0.009698053299720656, 0.4, 0.24024730238662184
0.0026565953224538252, -0.0002894643538434291, 0.00930427121713186, 0.4, 0.2698406806758161
0.006091368963994093, -0.0002010962663071287, 0.0073684439215721586, 0.4, 0.29596495530626354
0.009419593190580222, 0.00011571347611023797, 0.005001086945954827, 0.4, 0.3183851811061256
-0.005506241132566259, -0.002672868506130157, 0.012364035004507435, 0.4, 0.34461895213244287
-0.0028476764894022066, -0.0024647459480172072, 0.00823349620649143, 0.4, 0.356967422319791
-0.0005558091362068418, -0.0019681825389787633, 0.004186710159808597, 0.4, 0.36514312698284146
0.0012769838201037165, -0.0012376456429118374, 0.0005055201364073581, 0.4, 0.36920724510885056
0.002722124018039618, -0.0002581897670264899, 0.004503911869763896, 0.4, 0.36932864376439095
0.0037408294711500645, 0.0008541886429840606, 0.0072655938755059055, 0.4, 0.3657796636049327
0.004186233013580343, 0.0019847479826439057, 0.010411663082973224, 0.4, 0.35892245157340585
0.004153303812263531, 0.0030941784010816986, 0.011511358797415333, 0.4, 0.34918791840290025
0.003568950930607495, 0.0039736156151978785, 0.011531442014214875, 0.4, 0.33705029371841166
0.0021973195277308344, 0.004430664675345697, 0.0110902581416135, 0.4, 0.32300053933471456
0.00021496244109131535, 0.0043917311435159034, 0.008876917147380679, 0.4, 0.30752157704678507
-0.002354455541970779, 0.003708074291985497, 0.006036836545197981, 0.4, 0.2910675484936531
-0.005596268002792892, 0.002257310356282183, 0.0021256084075449446, 0.4, 0.27404838183091773
-0.009269499329619069, 3.950069057864769e-05, 0.0024379816190810383, 0.4, 0.2568200175078474
0.004479195045523077, 0.010302801394210692, 0.0015962316139995635, 0.4, 0.2482226519960137
-0.00019338145522429517, 0.00700730354115664, 0.003771183684251689, 0.4, 0.23121980118290028
-0.005198516267203135, 0.002796806890155712, 0.009186183992538684, 0.4, 0.2146424011799301
-0.010656844579641889, -0.0024471060143005374, 0.014091840675066447, 0.4, 0.19864811416418554
0.001551541276894386, 0.007473263365218363, 0.011062791691807614, 0.4, 0.19090591594780507
-0.004537266054621014, 0.001141185487084806, 0.015531295639174297, 0.4, 0.17598134109790142
-0.011027512780831694, -0.00615807084856157, 0.018473584605268593, 0.4, 0.16184420853537074
0.00017394521076852243, 0.0035633562769091243, 0.014428099003268299, 0.4, 0.15507937476752737
-0.007011190247847132, -0.0047506640830480285, 0.016458241100301294, 0.4, 0.1421606460820222
0.0032630833864477626, 0.004804216093964642, 0.011763997524557954, 0.4, 0.1360044146136663
-0.004845752328887176, -0.004637216476274908, 0.012955993172991542, 0.4, 0.12428498449428245
0.004482014376475663, 0.00472151646418173, 0.008132154674642213, 0.4, 0.11871412611560815
-0.004546425546744004, -0.0058198289729486374, 0.008007972882834877, 0.4, 0.10812651019460057
0.003924100703746269, 0.0034273161302550426, 0.003996924848986659, 0.4, 0.10309895368110093
-0.005971263637674751, -0.008178917365355365, 0.0035226762071662015, 0.4, 0.0935469912091295
0.0017187552442861076, 0.0009500700669698992, 0.00010532539817174702, 0.4, 0.08901019865621802
0.00908980759293554, 0.010117600438285801, 0.0033232903756091467, 0.4, 0.08462438517963503
-0.0017555506470421367, -0.0026034872350241267, 0.0028535839167907065, 0.4, 0.07627984545842666
0.0050842678897620175, 0.0064096303396982135, 0.00442320344084927, 0.4, 0.0723081538099987
-0.006246319805828016, -0.0072958548252827216, 0.0032899170293066698, 0.4, 0.06473368958029721
0.000145790652303468, 0.0014212613465952595, 0.004294300206837941, 0.4, 0.06111818301255016
0.00637222514977176, 0.01002486223925425, 0.004288868668461601, 0.4, 0.05760879696277233
-0.0055188151683607245, -0.005012278137633164, 0.0024200158130792456, 0.4, 0.05088383695663815
0.00040501303022022483, 0.003173774119648143, 0.0018372602635589577, 0.4, 0.04765623487687083
0.006244646581323066, 0.011224374807960236, 0.0014178120186038494, 0.4, 0.04451070246873803
-0.005938011881937655, -0.005005689914624578, 0.0008100693574584517, 0.4, 0.038442909771156455
-0.00022812009546524514, 0.0026801514809204896, 0.002040259171728637, 0.4, 0.03550942619375653
0.005430365758933631, 0.010269725897641857, 0.002193964608307895, 0.4, 0.032635556453951435
-0.006896993204673629, -0.006926255888848765, 0.004323479821476255, 0.4, 0.02704517662680118
-0.0012782016247594452, 0.0004328936840973796, 0.004608219700131368, 0.4, 0.024318107647003928
0.004291309357215001, 0.007759929285638734, 0.00423634553039454, 0.4, 0.02162951672027895
-0.008120971615472872, -0.010044621929291564, 0.005540174931543556, 0.4, 0.016347248677399805
-0.002630592237001128, -0.002866973971823228, 0.004801032295146624, 0.4, 0.013743392448441836
0.0027826376519395346, 0.004308602475885603, 0.004258133928872356, 0.4, 0.011191327438661013
0.008174040617799028, 0.011482028158178004, 0.003944025175176263, 0.4, 0.008627806602642799
-0.004460606329324879, -0.006692565576868814, 0.002867378047248652, 0.4, 0.006693621489766947
0.0007771739718231974, 0.0004450114783161041, 0.0023185254069276948, 0.4, -0.006659652263665187
0.005996530778156206, 0.0076068755773299745, 0.0016505916964990855, 0.4, -0.006708103681523132
-0.00674657676516266, -0.010506312040291288, 0.0006715350573129001, 0.4, -0.006822815188250966
-0.00154157006690947, -0.0032689052966463628, 0.0006342287127724122, 0.4, -0.009441393940960165
0.003647894583160838, 0.00400189528596373, 0.00041456790589078997, 0.4, -0.012118002963682796
0.00883882449395701, 0.011338478021799325, 0.0005999479739355016, 0.4, -0.014836843963505826
-0.003842096083199298, -0.006322011623440593, 0.001879087797495834, 0.4, -0.020346262975117393
0.001450898219286012, 0.0012329625092979413, 0.002365022631089787, 0.4, -0.02317768349487034
0.006821103571917231, 0.008842645293228424, 0.0015890401440270688, 0.4, -0.026068866084898317
-0.005654045769551086, -0.008173004616994106, 0.003161246205736597, 0.4, -0.03205789139779069
-0.00012392872243127684, -0.0003602447339539072, 0.0024418884155947085, 0.4, -0.035170136378781934
0.0055703646304778864, 0.007492476304098661, 0.0012730034512626169, 0.4, -0.03837100017241582
-0.00655231424480851, -0.008719199172177117, 0.003053545227676518, 0.4, -0.04507111220975547
-0.0005915288108253591, -0.0006175538080233078, 0.0015342107408607302, 0.4, -0.04858761619188395
0.00555819698054405, 0.007502959855002711, 0.00043562752965891705, 0.4, -0.05222731138382357
-0.006031849717748283, -0.007641400615286509, 0.002243364342740173, 0.4, -0.059915818927401845
0.0005180788923278001, 0.0007918978120085018, 0.0002025817470293637, 0.4, -0.06398571184133826
0.007290149634174181, 0.009267237533161943, 0.0008405559424751426, 0.4, -0.06822102417196613
-0.0036277812204597026, -0.004611887766824196, 0.0009505241276945236, 0.4, -0.07723655269526447
0.0036483143612286995, 0.00423673275138392, 0.0005783219473538204, 0.4, -0.08204273534268895
-0.00673601284895442, -0.008493001521699517, 0.0022363651022534784, 0.4, -0.0923221149919363
0.0010926699877757962, 0.0007521155887140196, 0.0001485650045351734, 0.4, -0.09782560723258753
0.009221769070055341, 0.01001029246401286, 0.0017254192394518535, 0.4, -0.1035931227033213
-0.0002284246243919874, -0.00108604903269649, 0.0014654677699072083, 0.4, -0.11598946925384243
0.008559028314278905, 0.00857255056046169, 0.0009049481431098166, 0.4, -0.12265493464906095
-0.0002060450596799157, -0.0011953365904204816, 0.002834126548655598, 0.4, -0.13701795476783266
0.009345801463666703, 0.008865774519800862, 0.0002941664385098311, 0.4, -0.14475675107466696
0.001351829010379113, 0.00044722221107074134, 0.003547788280934158, 0.4, -0.16145689537769783
-0.00616663509823967, -0.006837411385073988, 0.007344396412165019, 0.4, -0.17993671778793888
0.00467647489784051, 0.003727835753180919, 0.002598000104219442, 0.4, -0.18990098451156365
-0.0018512587012735615, -0.002294813874188506, 0.006044506528859605, 0.4, -0.2113909850323844
-0.007773454914283384, -0.007211481144648868, 0.0092488665919754, 0.4, -0.2351048375850718
0.004734454247160347, 0.0035029178571255315, 0.002605980880174394, 0.4, -0.24784354716663826
8.491755723838423e-05, -0.00031986093195524035, 0.005508501798086845, 0.4, -0.27515951205851025
-0.003919924841636391, -0.0031859074945597143, 0.008366103557710421, 0.4, -0.30498360203872993
-0.007211936543619402, -0.0051855367804427566, 0.010850313863924462, 0.4, -0.33730839549720476
0.008266387575636802, 0.005111625796612618, 0.0001493763321314016, 0.4, -0.35437487484939195
0.006523474073117708, 0.003653415271737792, 0.0019745077881040017, 0.4, -0.39016616712444985
0.005696536032326893, 0.0029234056991973567, 0.003866637790454139, 0.4, -0.42783075572476137
0.005642635891474956, 0.0027410043172162446, 0.00558902891710711, 0.4, -0.46676550919367393
0.0063841948424210315, 0.0029861015735557217, 0.005932787730770915, 0.4, -0.5061129087809697
0.007946000908513273, 0.0034592108434501334, 0.005085397555388929, 0.4, -0.5447483623578765
-0.0077192418071261315, -0.001276581835038204, 0.021501802838394198, 0.4, -0.5983125152383045
-0.004776488178388494, 0.00019143824114387087, 0.017422642165325034, 0.4, -0.6287931838147873
-0.0013626258643597566, 0.001209235745118331, 0.011854364579818035, 0.4, -0.6532141828078369
0.00263819377598562, 0.001682112092584287, 0.005150639639811775, 0.4, -0.6701416402791607
0.006874091351205536, 0.0015961062341478538, 0.0018420485934401995, 0.4, -0.6784925030193036
-0.006672380184084226, 0.001405077746966743, 0.010149994794206255, 0.4, -0.6738223380082807
-0.002423070626526247, 0.0008606100267525285, 0.0021524092650622275, 0.4, -0.6594650339478686
0.001323650556431133, -0.0002646634240015544, 0.006783655290143965, 0.4, -0.6370272175003509
0.004775163689245243, -0.0022012478221014042, 0.013471979638422426, 0.4, -0.607789558491081
-0.010356679104935651, 0.001004954600397845, 0.0014159848518259454, 0.4, -0.554577859053439
-0.008482407333806563, -0.00043673564059432124, 0.00634007539271327, 0.4, -0.5152079671284944
-0.007434042503358551, -0.001879788781334657, 0.008487217557838113, 0.4, -0.4744476784161048
-0.00744238706583733, -0.0029223779744964595, 0.0077386513012866805, 0.4, -0.43353155128789533
-0.008433840730901476, -0.003350153059622496, 0.006223898429222809, 0.4, -0.39342798089799613
-0.0102302406264414, -0.0030495860810968445, 0.0019066249034229907, 0.4, -0.3548374725345188
-0.012656003416036121, -0.0018982338649360386, 0.0032518450907380553, 0.4, -0.3182167392344261
0.002175089698972954, -0.011944956789342154, 0.0013005878714577885, 0.4, -0.30073028246029243
-0.0014120656189731129, -0.009654051649595097, 0.005751037447671357, 0.4, -0.26748144427166504
-0.0054037186391999725, -0.006351493769169547, 0.012164477543617838, 0.4, -0.23653429604670245
-0.009784190108064195, -0.0020452624293207933, 0.01836857184031749, 0.4, -0.20780253401594323
0.003613314234316878, -0.011738689730079521, 0.016684506491738346, 0.4, -0.1942191272623307
-0.0012866105856841337, -0.006370501203609713, 0.02119688117138421, 0.4, -0.1684902240107102
-0.006379397880876159, -0.000273757182675638, 0.024529695304782412, 0.4, -0.1444806230037063
0.006336207096559132, -0.009904498679805585, 0.02135076986966055, 0.4, -0.13303962588925453
0.0007438862576054639, -0.0031181842538816618, 0.022137016408064654, 0.4, -0.1111113594143364
-0.005108476830300024, 0.004110950023696436, 0.021399806176818807, 0.4, -0.09020969334883717
0.006534171976553704, -0.005501054770627345, 0.016439590481676244, 0.4, -0.0800478268544382
-0.00018558521680622775, 0.0022127227365196234, 0.013582595579378501, 0.4, -0.060099244355648306
-0.007209401312735508, 0.010077794833294629, 0.009891376988875223, 0.4, -0.040362359705554164
0.0032842171652798235, 0.0002719783410420895, 0.004717757741623091, 0.4, -0.03045762252924538
-0.004365403715860694, 0.008107897054966617, 0.0004755004601368502, 0.4, 0.012811123595166608
0.005738196697299358, -0.002102924365993575, 0.0024336487357525536, 0.4, 0.016488186146127612
0.005029504568630827, -0.0018026103250996517, 0.012483312885716746, 0.4, 0.174163012457879
0.0036089190105865754, -0.0017056893349227664, 0.023492631588731678, 0.4, 0.3121950386355696
0.0021047156004811995, -0.0022685900928482994, 0.03276367543949351, 0.4, 0.414076927948845
-8.291621111577996e-05, -0.0026580600428502965, 0.03543941069816536, 0.4, 0.4801100319519735
-0.002628992440486755, -0.0028279150828605104, 0.033414067082904876, 0.4, 0.5114646605071405
-0.005733112542996466, -0.002626787238796835, 0.027849339910973558, 0.4, 0.5112179756018805
-0.009037854845513671, -0.0017529136722163052, 0.018812071403321383, 0.4, 0.48447334682031423
-0.012615316899869278, -0.0002986462180003535, 0.008939698659452936, 0.4, 0.43757740702732034
0.0029656010059646576, -0.007175659179945004, 0.01515132714293069, 0.4, 0.408599889148064
-0.0004844878348437831, -0.00392845164285327, 0.023152855725327944, 0.4, 0.343177144379296
-0.0041752464142055246, -0.00035371740734513324, 0.029035655382564845, 0.4, 0.2715007936495508
-0.00823552443201514, 0.003514582767295993, 0.0344922322550629, 0.4, 0.1965154004321209
0.00871628630120469, 0.00034005880985654713, 0.040682475504918644, 0.4, 0.15824921100250602
0.003962987329577672, 0.004641834695373159, 0.03863172239348124, 0.4, 0.08032372060554151
-0.0013217027098129108, 0.008856821119952452, 0.03647219493750646, 0.4, -0.01611816972094829
-0.00687070311353466, 0.012793891724753648, 0.030903439230604207, 0.4, -0.08444921429666562
0.00887064887573974, 0.0090918082038709, 0.019028219983056427, 0.4, -0.12874260773604787
0.0032166609598354157, 0.01183878422628637, 0.012060019201341159, 0.4, -0.2229419151171982
-0.0019556002492997493, 0.014073114810104093, 0.006817739628018245, 0.4, -0.32636446283083864
0.013497727754991473, 0.0073274810260246515, 0.011815194194139903, 0.4, -0.382018477270809
0.00898982820422578, 0.00786452254444514, 0.015878520826025727, 0.4, -0.5013386113066317
0.005173666440289715, 0.00807086122608447, 0.01539211828850112, 0.4, -0.6294695201271474
0.002370820167064913, 0.007829397982827002, 0.014740474832274308, 0.4, -0.760428041101042
0.0004180123034309702, 0.007418342419050816, 0.013680697104625586, 0.36244911312776884, -0.8
-0.001384709652918481, 0.00783072718600919, 0.0065530350741553126, 0.3263142365664824, -0.8
0.009179020432494411, -0.0031800788034448413, 0.0028852842562769217, 0.31535528394503287, -0.8
0.003693699052576882, 0.002569710465955888, 0.01697712420383686, 0.30641613837356174, -0.8
-0.0015915054449866517, 0.010795612698490498, 0.02954378418637891, 0.31437414112152445, -0.8
0.003408605982440527, 0.002241932983792827, 0.0013765586755518264, 0.3248982290532451, -0.8
-0.001954888682219824, 0.011951980387965078, 0.006610913714936731, 0.3603261430067328, -0.8
0.0013181380190676606, 0.000499537708359199, 0.023389484984870465, 0.3837279176005538, -0.7950968270478649
-0.003319263231770897, 0.00863793572586502, 0.02804484900666573, 0.4, -0.7001097940502456
-0.00273416868291676, -0.006912385301312218, 0.05570476643331986, 0.4, -0.6345538215723387
-0.008373000074180403, 0.0009571559665075835, 0.050506449289276105, 0.4, -0.5078144517826885
-0.010312587682944852, -0.013400813859804295, 0.060012716117125525, 0.4, -0.44815186768393556
-0.015375986716020584, -0.00037650072922401634, 0.04556738974632373, 0.4, -0.3375306533393824
-0.017610319481711656, -0.012079493587303869, 0.041261108757208835, 0.4, -0.2863046510623102
-0.02049159254844657, 0.005085139629346314, 0.022416622634569387, 0.4, -0.1899214193373146
-0.02146227042665938, -0.0044708200158301015, 0.009110734636983246, 0.4, -0.14345435954385188
-0.02157418372086717, -0.013646078108374038, 0.006822411924849451, 0.4, -0.09700961861787025
-0.020790790243991886, 0.005952996868778815, 0.02302696049505294, 0.4, -0.03703292630010299
-0.018918189585801493, -0.003143506376850347, 0.05102858275966009, 0.4, -0.37925982802267494
-0.014428928465976654, 0.002009642120970878, 0.1098899761011303, 0.3847027705576474, -0.8
-0.006326965758329806, 0.006385521731327115, 0.15498933635721648, 0.28643994559225733, -0.8
0.00027660529607231865, -0.0023893649057247224, 0.15677897743423583, 0.2672088658175453, -0.8
0.006560866450310954, -0.005648324156097062, 0.15235243379113492, 0.2686958342576597, -0.8
0.013831121439232597, -0.004614795680739747, 0.1597395048380158, 0.2873375833944504, -0.8
0.02219990502837632, -0.0017483611313815484, 0.14656002859702416, 0.3228188128357222, -0.8
0.030371082826295748, 0.0012167606549169374, 0.11627089534272374, 0.3613053930102436, -0.7674163427181896
0.025432992129525545, -0.011470251431996537, 0.05310674565083315, 0.3797451330930927, -0.7386458089667582
0.028394042821966003, -0.009900006644731119, 0.012219173202850037, 0.4, -0.6419787948885732
0.029864904836497175, -0.006796234970304793, 0.035592607418916976, 0.4, -0.521259719272187
0.014050631088042387, -0.007517115954208231, 0.11849824509690297, 0.4, -0.3734164971013665
-0.0037198347627152017, -0.011830101754648381, 0.1472062550402238, 0.4, -0.3325060512220711
-0.003652632527851196, 0.00032779084631906485, 0.15889174360283997, 0.4, -0.2614998883864352
-0.002354471927938029, 0.013550176520854662, 0.149716353831162, 0.4, -0.20269122610668172
0.0016408838941037729, 0.027111356228330497, 0.13168273268596853, 0.4, -0.1535374229241037
-0.011113772178553916, 0.026470478988476986, 0.10429990405759404, 0.4, -0.13186936477079542
-0.00158124595638931, 0.039026206534021, 0.06643822618813144, 0.4, -0.09312412418386236
-0.011092563428832136, 0.03599005457006488, 0.03037866738047766, 0.4, -0.07562200916828406
0.001975878167178813, 0.04555414677571007, 0.00844513378009999, 0.4, -0.04344549350779556
-0.005365998812541406, 0.0390096819466102, 0.04197588689455771, 0.4, -0.028459109167906265
-0.012025568545436016, 0.030766293663608835, 0.0704522709601565, 0.4, -0.014385321409952674
0.003498908981989679, 0.03529472197037831, 0.0945894754427801, 0.4, 0.013187514407560151
-0.0025921229380134747, 0.023915246037991278, 0.10932846136421522, 0.4, 0.027067715615357205
-0.009006662215337968, 0.011298873900739137, 0.11742178358264747, 0.4, 0.040332631092452546
0.005520677867738577, 0.012179570182897226, 0.11821817519123774, 0.4, 0.06661102848470683
-0.0013870336479486767, -0.0013378012654825522, 0.11351431606584286, 0.4, 0.07970246904120268
0.012167102325125079, -1.1394860290614428e-05, 0.09944639128737948, 0.4, 0.10584040578141737
0.004714692259549125, -0.012284673964445436, 0.08499457990328323, 0.4, 0.11883633901773491
0.016329661278647656, -0.009463198022535702, 0.06112259506186324, 0.4, 0.14432915334112312
0.007360428374200367, -0.02016438257937475, 0.04190541248895054, 0.4, 0.1565730332508269
0.016034914639183384, -0.01592260835667908, 0.01537779857354173, 0.4, 0.17907699722286316
0.004965201804529862, -0.025352061832570993, 0.0036502910266417894, 0.4, 0.18878460923895918
0.010330415460330755, -0.020057284330140063, 0.027303110933723604, 0.4, 0.20328186418803382
0.013697499047033546, -0.014460299529331547, 0.04937124385044048, 0.4, 0.20808884618369075
-0.0006860140592639397, -0.02310966778197121, 0.0585123726228954, 0.4, 0.20549802567818742
-0.00026457974566351794, -0.017693130034709695, 0.07013732125276997, 0.4, 0.18739733986600796
-0.0011541527502831883, -0.0124975184997725, 0.07837605452061983, 0.4, 0.14847377950964136
-0.00320119916200845, -0.007883092940757268, 0.0773669785983715, 0.4, 0.08582342846376761
-0.005671119522305812, -0.0038527108125487653, 0.07100000760974436, 0.4, -0.04596330605468485
-0.00639902673249404, 0.0013453301499256297, 0.063871950146544, 0.4, -0.08419673410398999
-0.006478592203656763, 0.006420281447303097, 0.05248524024367217, 0.4, -0.14065485331279903
-0.005743353763695502, 0.011071771132285621, 0.03706971110479491, 0.4, -0.20198472027548087
-0.004042913116661051, 0.01515965312957153, 0.019291316736201398, 0.4, -0.25706554954944794
-0.0014293368100068982, 0.01844659330155146, 0.0002099010905202088, 0.4, -0.3054118602429051
-0.009129365800528255, 0.012010735935000016, 0.009986998636346365, 0.4, -0.3335967911229182
-0.00514690248788785, 0.013918360847950423, 0.02802156686497594, 0.4, -0.3693121955398835
-0.0005133525555183205, 0.014799711839143137, 0.044009274010540826, 0.4, -0.3966261574816922
-0.007577495777537635, 0.007115813370505153, 0.04702671408630041, 0.4, -0.40996066012650006
-0.0022891936392488432, 0.006849810912980786, 0.057594350845491346, 0.4, -0.4225558000445533
0.003393818076789845, 0.005888564836075139, 0.06443228363159338, 0.4, -0.42647387781402674
-0.003955741366655108, -0.00171246760402205, 0.0577922444103649, 0.4, -0.42455495709729385
0.002461385700904817, -0.002523553663743572, 0.0577248486817083, 0.4, -0.4155756084522968
0.009951220752719703, -0.0032007790513233214, 0.05491433227692716, 0.4, -0.4003509179720576
0.0034424521259208696, -0.008227968810449349, 0.038518397965701355, 0.4, -0.38740459217583506
-0.0030075219560923294, -0.011853399950851717, 0.02088699802263982, 0.4, -0.37271251280848755
0.006724310947038514, -0.010051308885914212, 0.012840355422465425, 0.4, -0.3482994131032315
0.0011272331795377788, -0.011333880635834348, 0.004748167439449801, 0.4, -0.33099811922038236
-0.0041365332083462825, -0.011342471303450175, 0.02041197237083494, 0.4, -0.3132745023308128
0.008271700532800796, -0.0075681398746357265, 0.026027288854042995, 0.4, -0.2865260911011891
0.0041625851320921115, -0.005891070645307195, 0.037149217849661194, 0.4, -0.2689294551864454
0.0005048777102314439, -0.0035095818836439197, 0.04392130493417758, 0.4, -0.2517381395334117
-0.002661414493805303, -0.0006453443578005591, 3.951284295115962, 0.4, -0.23509132924113835
-0.0050769126180969515, 0.0024994250146911368, 3.9508884906445805, 0.4, -0.21909132252924785
-0.006360748652899595, 0.005603817811773992, 3.9543576839920043, 0.4, -0.2038083353865831
-0.0064967021863791, 0.008429954087395053, 3.959964881473826, 0.4, -0.18928544198270797
-0.0055638855291610945, 0.010784488211872001, 0.030732808670087507, 0.4, 0.17554334935409968
-0.0029462000866664617, 0.012454171295171457, 0.02024109519619554, 0.4, -0.1625848110746911
0.0014025429394299849, 0.013159513144103352, 0.0037791941810386754, 0.4, -0.15039856258161435
0.004876424758893716, 0.012947754217796481, 0.00971238165599863, 0.4, -0.1389627298036104
0.00875515337953603, 0.01190933427234947, 0.0207046929625988, 0.4, -0.128247709106377
-0.00852685831208122, 0.01177014154134215, 0.026680201757902016, 0.4, -0.1231497333163221
-0.004102073535089179, 0.00962325078554771, 0.035417178504335164, 0.4, -0.11344925418991994
0.0007059224513059625, 0.0069131461137992845, 0.040743353768610976, 0.4, -0.10437625994370234
0.005751813082273127, 0.003813898189453435, 0.04447750991809994, 0.4, -0.09588997009901996
0.011017695470499245, 0.0004684530144736243, 0.04466226142412775, 0.4, -0.08794935853208508
-0.0058929210521228015, -5.62580660090628e-06, 0.03843355121256079, 0.4, -0.08417098830301252
0.0005106420327520844, -0.0030426221406451015, 0.034484341233318117, 0.4, -0.07697327436201568
0.007629739914175371, -0.005935687208534546, 0.027936423937302453, 0.4, -0.07022213901461949
-0.008016927469742363, -0.005046901785669522, 0.01814387080726291, 0.4, -0.06700237117214183
0.00010593642529643787, -0.0070978156844573315, 0.010487417417547905, 0.4, -0.060852075099035695
0.008834680358662972, -0.008831727297697711, 0.00214328158991836, 0.4, -0.05505900112128393
-0.005973276897759838, -0.006194621292926417, 0.007132592982830407, 0.4, -0.052286217300096395
0.003358637124324826, -0.007050270832118344, 0.013606955098214095, 0.4, -0.04696881771750564
-0.011074222931827915, -0.0034153931042157915, 0.02103597931765352, 0.4, -0.04441683153890716
-0.0012442799110568004, -0.0036590407980731654, 0.024487835695569872, 0.4, -0.039508755219076735
0.008786251445235482, -0.0038082397423233605, 0.02645566214041651, 0.4, -0.03483985215694041
-0.0054634959205799305, 0.0005961938750888018, 0.02718082589767093, 0.4, -0.032587252809921065
0.005026786217464441, 0.00032799793934096266, 0.02510178521456966, 0.4, -0.02823102522009504
-0.008817148797372276, 0.004552317865764766, 0.023135020624556194, 0.4, -0.02612181298740333
0.0023585985595966363, 0.003726291971832163, 0.018330132527245697, 0.4, -0.021994634628507703
0.013717464826919379, 0.002514535709932264, 0.012784598496012833, 0.4, -0.018033698791771618
0.0004087380672133101, 0.005813243159630055, 0.007220425411351746, 0.4, -0.016112370882429776
0.012001219354693227, 0.003760232055039059, 0.0007896317293515163, 0.4, -0.012368744067308356
-0.0014552473017370726, 0.0063739323636608225, 0.004266120203831209, 0.4, -0.011952171622695207
0.010113953982485047, 0.0035961646630560395, 0.009663233439231061, 0.4, -0.011913436658076561
-0.0036192718959935366, 0.005651973609679062, 0.013504705324918789, 0.4, -0.011901801829566303
0.007735103086832673, 0.0024027353085362135, 0.01611791517419665, 0.4, -0.01189403658390258
-0.006245938647633897, 0.004165107492363679, 0.017624536390685723, 0.4, 0.011897920861926052
0.004724105772433873, 0.0007769265963554484, 0.01845825022514412, 0.4, 0.011872382167002307
-0.009431436776357272, 0.0024448144773544234, 0.018828699343830663, 0.4, 0.011893985768522167
0.0014189537747770764, -0.0009484931054170032, 0.017841522117886345, 0.4, 0.01195256803901422
-0.012709795343176289, 0.0008083697257458, 0.01578290142346281, 0.4, 0.0119895874178255
-0.0017105443120257746, -0.0023311142262363582, 0.012633796287142188, 0.4, 0.01335210052166446
0.009196653641803776, -0.005200859871728247, 0.008401529440887113, 0.4, 0.016616789598882395
-0.004715814266642582, -0.0028741199068839096, 0.004198149817061535, 0.4, 0.018242479184243304
0.006136253441843875, -0.005149637103552235, 0.00037638560239094655, 0.4, 0.021484046831105306
-0.007929374710661241, -0.002311990381273693, 0.004226263375199862, 0.4, 0.02310115260556755
0.0027116721540050293, -0.003994015910801341, 0.008043064529818655, 0.4, 0.026335483810184277
-0.011600877815522326, -0.000741195842026976, 0.010127023589065825, 0.4, 0.027955386305572257
-0.0013607786457381366, -0.0019408481113878662, 0.013237108124920642, 0.4, 0.03119412736640419
0.008491680391425005, -0.0028791371858761516, 0.01481314489122767, 0.4, 0.03443056358965329
-0.006306660812599452, 0.0006590257789822057, 0.014013502980108698, 0.4, 0.03604708692076864
0.003177358361730942, -0.00016198263829969584, 0.013963802857361313, 0.4, 0.03927381380469919
0.012335645292218311, -0.0009138403898809183, 0.012959520807841437, 0.4, 0.04248633906530458
-0.0026309156253003785, 0.0022557308930686998, 0.00981543892178687, 0.4, 0.04408445544381446
0.006150103180863287, 0.001319745556072921, 0.007582257882868277, 0.4, 0.04725709072842153
-0.009177251498943884, 0.004036446228962862, 0.003457727360142258, 0.4, 0.048828068518871136
-0.0009584889747218384, 0.002878211648067161, 0.001626392260879126, 0.4, 0.051928817419371144
0.0067829786138629, 0.0017062725840727919, 0.0006305100129094542, 0.4, 0.05495778362264426
-0.0091402145920223, 0.0037485574507335473, 0.004091264076194939, 0.4, 0.056438067419137934
-0.0020649862137231967, 0.002390672665561658, 0.005828374751192592, 0.4, 0.05931327624385884
0.00445247435609375, 0.0010677383009606509, 0.0068921514747382765, 0.4, 0.06204865761486771
0.010557836970593426, -0.0001847351664500535, 0.006707130298145406, 0.4, 0.06460869578876273
-0.006408019411619836, 0.0012235731373278005, 0.009195359721252197, 0.4, 0.06581047156383196
-0.0011261834704405782, -1.0732222430198668e-08, 0.008061868386538605, 0.4, 0.06802970159224819
0.003807876703650015, -0.0010633234411231672, 0.006802132001973539, 0.4, 0.06996221632827578
0.008330473086555656, -0.0019618717333650566, 0.005332678932756675, 0.4, 0.07155432538093075
-0.009369579778597537, -0.0007929095247040593, 0.0052260896426396175, 0.4, 0.07220457659768219
-0.005335886352770269, -0.0014819684709771568, 0.0032937640046192674, 0.4, 0.07317461349269558
-0.001734355943250443, -0.001973954321636301, 0.0008314042040596595, 0.4, 0.07364919938161217
0.0015474617095282417, -0.002240330574229385, 0.001859975342398289, 0.4, 0.07355957243988723
0.004414598205553177, -0.002318333335828114, 0.003630895326952073, 0.4, 0.07283457025088977
0.006915776798472217, -0.0022289790394217635, 0.006067509656970523, 0.4, 0.07140201306310053
0.00904498478457244, -0.001984105114200276, 0.007204925654605437, 0.4, 0.06919041220229878
-0.009974910846545781, -0.0009077690230647048, 0.005670358479984366, 0.4, 0.06777081397939273
-0.008389603138525825, -0.000634836565773813, 0.006965113519892328, 0.4, 0.06426321183660251
-0.007122856402498989, -0.0003013810116614976, 0.006765370581623843, 0.4, 0.059815019723486997
-0.0061418778269760055, 3.7905306647374347e-05, 0.0069282102611892766, 0.4, 0.05437523873714417
-0.005375121808839645, 0.00038707181196748945, 0.006192191835934764, 0.4, 0.0479050100942572
-0.004785409059454432, 0.0006776526291279695, 0.00468971438591574, 0.4, 0.040380539304825956
-0.0043284968491020676, 0.0009010771020152457, 0.0038533277754564804, 0.4, 0.03179734400772867
-0.00398103348477194, 0.0010495282775688638, 0.0018145869705978174, 0.35742311903028834, 0.022183155577049918
-0.0024662199045466793, 0.000981738633448865, 3.9932396324274655, 0.3092151178903597, 0.019289302361758104
0.002390513606839206, 0.0004082257654961122, 3.9901356998911055, 0.25210405879670517, 0.015747217244993058
-0.005042010629379139, -0.0009325967725479481, 0.0805841672292681, 0.16919224268004315, 0.014771591513917675
-8.230343863317724e-06, -0.003774015213932956, 0.06334532169502109, 0.20721740775219577, 0.024464751297612795
-0.00176631167545388, -0.005157720450609587, 0.049470535717297065, 0.23927436674464697, 0.041769724072349364
0.0008095268528957866, -0.006600314519216904, 0.04578776123059472, 0.26751772139564267, 0.06135563210149172
0.005126113475787272, -0.008200266049209258, 0.05324367604365303, 0.2930527937375045, 0.08276215877157185
-0.005742290661323535, -0.010493884405704845, 0.0581566031499914, 0.33839745113973296, 0.12971942840014664
0.0045403556771814735, -0.012381156115377533, 0.042338244814329004, 0.35893350645724836, 0.15475414006618873
2.6873845586639078e-05, -0.014279869503439454, 0.03672634242551794, 0.39684797867317095, 0.2068813979971983
-0.0018832426783902123, -0.01621270697915353, 0.03823321341650083, 0.4, 0.24153545819388514
-0.0005201691892085525, -0.017727736897743224, 0.021941311693593157, 0.4, 0.27128824586944195
0.0007459981425263496, -0.01810504798468332, 0.002909295134261256, 0.4, 0.29754977417689815
0.0019231411848178448, -0.01731310737275413, 0.016008264448622602, 0.4, 0.32008212772913425
0.002840926308270042, -0.01566984188953462, 0.03444085317959632, 0.4, 0.3386702901889665
0.003538437293046315, -0.012787015850193637, 0.04979584167648403, 0.4, 0.3531504115908035
0.004104420661491748, -0.008894908892814149, 0.06180294560610973, 0.4, 0.36343537463870224
0.004172887236857048, -0.004405625519536466, 0.07138147867215881, 0.4, 0.3695343824228942
0.004284010137684424, 0.0007156688189186439, 0.07538528588493731, 0.4, 0.37156391104662995
0.003999133268298372, 0.005897294896058086, 0.07452152254812319, 0.4, 0.36974852780093737
0.002722252293283489, 0.010470408915742233, 0.06870651488993507, 0.4, 0.3644115615139954
0.0007184149804302375, 0.01420900729344543, 0.0588623989144636, 0.4, 0.35595710489040966
-0.001877085024382108, 0.016826496082838857, 0.044610492327813875, 0.4, 0.34484599572735175
-0.004934429386657779, 0.018119834138449864, 0.02855447430651164, 0.4, 0.33156902903265284
-0.00821267377143331, 0.018038437869624474, 0.01017994922859033, 0.4, 0.3166206241943187
-0.011546475749597218, 0.01649466100153721, 0.008910176001981731, 0.4, 0.3004756075595338
0.0030560808666036943, 0.02490666443655401, 0.01676793279985137, 0.4, 0.29209276848361254
-0.00024262165032029603, 0.021298231289340636, 0.034457823891595796, 0.4, 0.2749565570280484
-0.003407466864548625, 0.016365363821690293, 0.04932181407002, 0.4, 0.2576187581191275
-0.0064160034934720445, 0.010338841887025774, 0.06043707416222603, 0.4, 0.24037822844861997
-0.0093458655367461, 0.0033603010584201676, 0.068698453873189, 0.4, 0.22347459637043765
0.005715247139760016, 0.01052622646010265, 0.06284094509082556, 0.4, 0.2152085700301568
0.0023639730030825534, 0.0029428013054336732, 0.06259445163656656, 0.4, 0.19913872693913312
-0.0018525278440757464, -0.005503425837381892, 0.05931139210132588, 0.4, 0.1837725797159172
0.010744101121910266, 0.0019035592860787154, 0.04456486201343987, 0.4, 0.17637675161308908
0.004342222569252874, -0.007156548785456407, 0.03577702799882609, 0.4, 0.16218742826406204
0.01499265992066312, 0.001045811142532549, 0.019413191020611658, 0.4, 0.15539962584329892
0.006592157609443872, -0.008232939053649746, 0.008586138854727497, 0.4, 0.14244074804394075
0.015345856502277044, 0.0008896337896652784, 0.0069273800931967154, 0.4, 0.13626714739304197
0.005370046312734189, -0.008360167673136631, 0.015762829756559432, 0.4, 0.12451792558340484
0.012600487191872123, 0.001598972441721247, 0.02776225271670809, 0.4, 0.11893446586443326
0.001364920081138532, -0.007795789476628734, 0.032337612268593614, 0.4, 0.10832581369532886
0.0076753818192660805, 0.002845302757336965, 0.03856762831901428, 0.4, 0.10328966485084257
-0.004212043393561737, -0.006968582530193945, 0.03774086662053122, 0.4, 0.09372400779225842
0.0016227200320928503, 0.0037360554576363336, 0.03769838453663995, 0.4, 0.08918198176281081
-0.010848608283630101, -0.007649921981841001, 0.03130032255990622, 0.4, 0.08054734516414894
-0.00541918017527343, 0.0019662363594105114, 0.02646157886210946, 0.4, 0.0764416908850105
8.176353804256742e-05, 0.011161408565317221, 0.01973158815816738, 0.4, 0.07246844116253229
-0.012332359763967515, -0.0027390231336935633, 0.009798651511188328, 0.4, 0.06489323787434499
-0.006490394824863799, 0.005434995189181557, 0.002521963871243704, 0.4, 0.06127847979585235
-0.0004510416266527706, 0.013178502981932128, 0.004943021595200398, 0.4, 0.05777054703282394
-0.012155572212245058, -0.0028072396522198506, 0.013614386599677546, 0.4, 0.05105050866636799
-0.00554723472912988, 0.004319497799154082, 0.01855037191475197, 0.4, 0.04782633406300871
0.001162181095560877, 0.011181342838380126, 0.02240055692233065, 0.4, 0.04468485197017461
-0.009949869194354477, -0.006102808664708248, 0.026395120578360274, 0.4, 0.03862698305779206
-0.002914481310708039, 0.000640553313719705, 0.026637371086951835, 0.4, 0.03569935802264376
0.003937565609771321, 0.007294935087144516, 0.02493659472888632, 0.4, 0.0328319396782908
-0.007418377358481054, -0.010726172369655451, 0.02368178034525747, 0.4, 0.027256243994237487
-0.0010857471571918964, -0.004309588739398018, 0.020137906075899055, 0.4, 0.024537416337687617
0.004852522282184912, 0.00209076367089045, 0.014996715940326442, 0.4, 0.0218576766632296
0.010521494354283512, 0.008666905817829473, 0.00994507772357248, 0.4, 0.01921189698739723
-0.002192669250947077, -0.009820836202590888, 0.005667168114017017, 0.4, 0.014001893523527808
0.0028665622225556575, -0.003046709534364478, 0.0004427235172276988, 0.4, 0.011458492472610583
0.007675510979913369, 0.003891713740795222, 0.0037978952172079174, 0.4, 0.008909845619617572
-0.0057415379075678175, -0.014280244884163684, 0.007690407195945736, 0.4, 0.006686085508625208
-0.0012089526707834697, -0.006911369033450354, 0.010708006062827399, 0.4, -0.0063375356164350185
0.0031846923980640707, 0.0005146362395604953, 0.012471944235960887, 0.4, -0.006699446822839024
0.007645709214931573, 0.00816359060822247, 0.013128051398771696, 0.4, -0.006674964160182186
-0.005853640461600307, -0.009351807205884688, 0.013031279059852892, 0.4, -0.009052297848339136
-0.001354589760485414, -0.0016955880642297583, 0.01221244063166541, 0.4, -0.011704636198703893
0.00326704030320224, 0.00595386318796387, 0.010467877122652054, 0.4, -0.014408999958890292
0.007979861018893697, 0.013474600922916746, 0.008003319728125796, 0.4, -0.017119186083594792
-0.005160050103196978, -0.004006422210913296, 0.006824839118683808, 0.4, -0.022683108002542075
-7.314443705608298e-05, 0.0035316614367930654, 0.0038307007669653387, 0.4, -0.025549522172768513
0.005165235442556204, 0.010900707583338942, 0.0006927920271150363, 0.4, -0.028481085730322587
-0.007318600868661207, -0.006198684174594904, 0.0003936395902576254, 0.4, -0.03456782694771027
-0.0015642655340455391, 0.0013097466744249608, 0.0033930210978013087, 0.4, -0.03773785339537047
0.0044272933367421885, 0.008802820356531349, 0.00560743164263827, 0.4, -0.041002780722089904
-0.007299979679717072, -0.007506252465638186, 0.0052560053414242415, 0.4, -0.04785099984391423
-0.0008532417697959538, 0.0002319786296611781, 0.006912093330327813, 0.4, -0.05145217324363732
0.005859224366463689, 0.00811192518606707, 0.007885612693446656, 0.4, -0.05518407322135442
-0.005217518775961327, -0.007040233190575673, 0.005703196129831431, 0.4, -0.06308112361819866
0.0017929931359641493, 0.0011426358324251318, 0.005958791997856016, 0.4, -0.06726818375500491
0.009015306670219658, 0.009474832045538895, 0.006021968183021174, 0.4, -0.07162985748520881
-0.0016625942450900766, -0.004363385906963169, 0.0023243040779722577, 0.4, -0.08092764047444292
0.005834965703098938, 0.004375285665892736, 0.0021323502819211378, 0.4, -0.08589075488356769
-0.004425360041518278, -0.00810432427263974, 0.0021088530457107294, 0.4, -0.09651838170154119
0.003452715764804992, 0.0011204425777897598, 0.0018287476706052882, 0.4, -0.1022143612354653
-0.006336208217167627, -0.009954072928360258, 0.006038330007758308, 0.4, -0.11445526763487711
0.002171022620656604, -0.00013485039772032081, 0.004761736731909753, 0.4, -0.12103645825047693
-0.006987306940828386, -0.009772091573548192, 0.008639773079358442, 0.4, -0.13521694929762204
0.002282923501475853, 0.0005208273964933952, 0.00612933492225894, 0.4, -0.1428571840265709
-0.006098351557564108, -0.007703984545976539, 0.009670368440735858, 0.4, -0.15934501791516736
0.003990738187714893, 0.002842262397610096, 0.005867033772728316, 0.4, -0.1682372084524137
-0.0033965481165081357, -0.003994315539096238, 0.009281169431440328, 0.4, -0.18743203101390127
0.007638701242389523, 0.006646195522096221, 0.004106711425067214, 0.4, -0.19778034168144887
0.0013617147307356525, 0.0010855020532041237, 0.006876092686542625, 0.4, -0.22008991167231468
-0.004408452932408213, -0.0034858376091717602, 0.010223095146405289, 0.4, -0.24468633018639743
0.008442843215874518, 0.007226653955372253, 0.002280553671132135, 0.4, -0.25788634717119946
0.004077381405820812, 0.003677929855086859, 0.004721293647567632, 0.4, -0.2861533431033458
0.0003800114762126938, 0.0010349001568621397, 0.006776448118556644, 0.4, -0.31694332269787384
-0.0024905291821535336, -0.0007735444994301233, 0.008227062298679868, 0.4, -0.3502102132902715
-0.0046264717884532125, -0.0018746260261806036, 0.009972739208341831, 0.4, -0.38577470265285213
-0.005871283816922368, -0.0023011962005905495, 0.010361382287371499, 0.4, -0.4232822729080021
-0.006330954128322297, -0.002281544906015842, 0.010601949824087702, 0.4, -0.4621613499633559
-0.0058422573074610185, -0.0018465843086494793, 0.009922903135991645, 0.4, -0.5015890310453442
-0.004493301812919626, -0.001198951409439708, 0.008242742954182215, 0.4, -0.5404749406393106
-0.002350563962965957, -0.0005125193582213861, 0.006445582295228913, 0.4, -0.5774758309624535
0.0006482290866283158, 0.00011071518002836456, 0.003689346816302701, 0.4, -0.6110526782177763
0.004150382815168996, 0.0006105499769226697, 0.0009143407033905971, 0.4, -0.6395767662986699
0.008299782855417437, 0.000635991989679674, 0.00303199539863282, 0.4, -0.6614805245788429
-0.005120267053636329, -0.000809895128689675, 0.012522722532160338, 0.4, -0.6791241344636214
-0.0005049901006226598, -0.0007152786477138129, 0.00676900888804533, 0.4, -0.6795988293685458
0.00405866456163384, -0.0013080512201653072, 0.00034050335049304385, 0.4, -0.670863743896196
-0.009453158613414558, 0.00026097119989376694, 0.013088482522583713, 0.4, -0.6417534170298196
-0.005599607440796017, -0.00045401508722431316, 0.005661927010104586, 0.4, -0.6133146982091684
-0.002296112668366046, -0.0016807075796005932, 0.00010003030099675325, 0.4, -0.5793802817395396
0.0003435881648514716, -0.0032003941696099325, 0.00418503240825323, 0.4, -0.5415701956261553
0.0021036722172578237, -0.004517407100314674, 0.008280889606964045, 0.4, -0.5014478335726796
0.0028505402816700887, -0.005954801500860363, 0.009543263087677513, 0.4, -0.46040073862162256
0.0027126928488723223, -0.007016644899033864, 0.00925231005421425, 0.4, -0.41957061333631235
0.0015636690612468307, -0.0074575485129608765, 0.008179600278456245, 0.4, -0.37982832521431376
-0.0002887705589844636, -0.007278139241954307, 0.005308083914714256, 0.4, -0.3417829251710713
-0.0028728147344074806, -0.006233562627890432, 0.0010155096847626586, 0.4, -0.30581196370333286
-0.006116866924326558, -0.004291728178355658, 0.003148693029456363, 0.4, -0.2721016766076798
-0.00981920581272755, -0.0014754041819156072, 0.008319052207600855, 0.4, -0.2406887153517656
0.0038438538600913397, -0.011682109555598785, 0.005682918455634608, 0.4, -0.22582376686919664
-0.000668256992274685, -0.007730540614928394, 0.010748982090040207, 0.4, -0.1976903587743072
-0.005511662737728962, -0.002877575252486775, 0.01584907516583205, 0.4, -0.17152525395850898
-0.010626341866557976, 0.002778687234802124, 0.018800075385307723, 0.4, -0.14709773518326102
0.0019063367535658848, -0.007135113448016206, 0.016275591547896016, 0.4, -0.1354546361135306
-0.003644196968751068, -0.0007587622304265906, 0.018760184414355396, 0.4, -0.11313486351752934
-0.009415452339539776, 0.006124563121458593, 0.018763626023294965, 0.4, -0.09185620085705631
0.00236746971386248, -0.0037745039817327353, 0.015516283824098455, 0.4, -0.08151008443318603
-0.003936911943939414, 0.0035539766722476607, 0.014337349447410648, 0.4, -0.06119853439806928
0.007255617495630862, -0.006431068178593069, 0.010218706041549985, 0.4, -0.05114611055382772
0.00035814150684920776, 0.0011626067876502333, 0.008393321623770936, 0.4, -0.031015549588719136
-0.006765632046472181, 0.008838436870087119, 0.004745582929523943, 0.4, 0.01311622203840679
0.0037346872459904645, -0.0013659499434495181, 0.0021297378161109237, 0.4, 0.016699346851391284
0.003344107705869348, -0.0009336789237690546, 0.0067732358324937405, 0.4, 0.174163012457879
0.0017640630272008906, -0.0002950529809617741, 0.020186133963633276, 0.4, 0.3121950386355696
-0.00037184620451569117, 0.000512635517030624, 0.018576970663881382, 0.4, 0.414076927948845
-0.001999080883984483, 0.0007805727515346472, 0.022708389476022897, 0.4, 0.4801100319519735
-0.003911980701425399, 0.0010203472107224165, 0.023159934114135895, 0.4, 0.5114646605071405
-0.006270485165345008, 0.0016009650286188393, 0.019674852602905274, 0.4, 0.5112179756018805
-0.00901175483791583, 0.002572175676381905, 0.014762550969917331, 0.4, 0.48447334682031423
0.006801419598182257, -0.005824717887163988, 0.006213828720823119, 0.4, 0.46313171452336505
0.003941446121432435, -0.00343235105418227, 0.011534587651329435, 0.4, 0.408599889148064
0.0008446312003567158, -0.0006866858275449417, 0.016066328913057936, 0.4, 0.343177144379296
-0.0026775119679545156, 0.002269343444649463, 0.019136260778515112, 0.4, 0.2715007936495508
-0.006860811092193941, 0.005435526199785157, 0.021516723635313165, 0.4, 0.1965154004321209
0.009751676397116604, 0.0014621182161209667, 0.026388781583491585, 0.4, 0.15824921100250602
0.004664120076269818, 0.004918151308912266, 0.02381627804606936, 0.4, 0.08032372060554151
-0.0008040296060372043, 0.008231288728489439, 0.022060561775667276, 0.4, -0.01611816972094829
-0.006391353170485559, 0.011331709193463047, 0.01826112136428715, 0.4, -0.08444921429666562
0.009314983134858679, 0.006900629624251531, 0.008633263309848958, 0.4, -0.12874260773604787
0.0038036167177768476, 0.009009465800404515, 0.004870150942346253, 0.4, -0.2229419151171982
-0.0011503141644286785, 0.010867511227499183, 0.0032221300296470957, 0.4, -0.32636446283083864
-0.005492563094208869, 0.012435220837748728, 0.002521735012649322, 0.4, -0.44038300862840174
0.010269739502349218, 0.004273523857504902, 0.01661690744009669, 0.4, -0.5013386113066317
0.0067543667254721385, 0.00443063097749441, 0.016429767246832663, 0.4, -0.6294695201271474
0.004135817782072948, 0.004071305396607938, 0.013562605377283167, 0.4, -0.760428041101042
0.0021858349132859445, 0.003583066145718794, 0.009201090325088826, 0.36244911312776884, -0.8
0.00020866424950760631, 0.0038344740343658756, 0.011007700017076051, 0.3263142365664824, -0.8
-0.002976721562833795, 0.008390392473763608, 0.04508472293652597, 0.30876762226444027, -0.8
0.005395774328436076, -0.00023595181296065526, 0.026556726608624057, 0.30641613837356174, -0.8
-0.00014627938407851815, 0.008845852367345586, 0.03336026650521771, 0.31437414112152445, -0.8
0.005025986834438001, 0.0005348352152776403, 0.003942057028920716, 0.3248982290532451, -0.8
-9.973635899385158e-06, 0.010766033750188253, 0.005241877876465796, 0.3603261430067328, -0.8
0.003161482945715832, -0.0006709837105305372, 0.02445351859894156, 0.3837279176005538, -0.7950968270478649
-0.001615417102527772, 0.00710539352950601, 0.022568991911212505, 0.4, -0.7001097940502456
-0.0007153194085791625, -0.008341808148240482, 0.05263637308165806, 0.4, -0.6345538215723387
-0.006308662938111276, -0.0004575847112231468, 0.0510785949298255, 0.4, -0.5078144517826885
-0.011316956557794633, 0.010493885751261534, 0.04424131800931898, 0.4, -0.3913984323654522
-0.013415666763775924, -0.0021542284890434527, 0.04635286606185889, 0.4, -0.3375306533393824
-0.015648107552721058, -0.013829184286505702, 0.04121211379025545, 0.4, -0.2863046510623102
-0.018570449181319226, 0.0029874763278776584, 0.023437885556378518, 0.4, -0.1899214193373146
-0.019688579959113106, -0.006701030167200361, 0.013154302758348387, 0.4, -0.14345435954385188
-0.020199841859488643, 0.012428800338778467, 0.003639784451226836, 0.4, -0.049517953412571626
-0.01959705466531858, 0.0033843513944520343, 0.01865127169603976, 0.4, -0.03703292630010299
-0.017970446751027325, -0.0057732113902508875, 0.04647300471070446, 0.4, -0.37925982802267494
-0.013892414297386857, -0.0005828747743559237, 0.09714753163156596, 0.3847027705576474, -0.8
-0.006464653064423231, 0.0030779626383468095, 0.14847981372590321, 0.28643994559225733, -0.8
-9.382456202722267e-05, -0.006047909333016244, 0.15426342720836783, 0.2672088658175453, -0.8
0.006240250959216986, -0.007639716804502372, 0.14544393898058597, 0.2686958342576597, -0.8
0.013256521769880791, -0.004476738435573391, 0.13465120705855047, 0.2873375833944504, -0.8
0.020798645512969394, -0.0006151086336388945, 0.11826023811354477, 0.3228188128357222, -0.8
0.01828445381607402, -0.011113481705150696, 0.0609288312399514, 0.342371580022155, -0.7886708333222052
0.022525575437486012, -0.007276644409598743, 0.013080291930595267, 0.3797451330930927, -0.7386458089667582
0.024825726727237374, -0.0034125900737540515, 0.023002342106210827, 0.4, -0.6419787948885732
0.02409143450287221, -1.07852986451773e-05, 0.05679844635610752, 0.4, -0.521259719272187
0.008020711356635069, -0.009304122719228314, 0.09839683300090613, 0.4, -0.46757544906348686
0.006028421596345979, -0.0018263091508488039, 0.11439129926491573, 0.4, -0.3734164971013665
0.005350441092331515, 0.0076569521730327494, 0.1258225791787448, 0.4, -0.29531131024131513
-0.011595829213495001, 0.004306951229165024, 0.12675696460160293, 0.4, -0.2614998883864352
-0.00848259590898337, 0.01586374292107151, 0.10888304781966414, 0.4, -0.20269122610668172
-0.0029922614562067906, 0.0273394451307597, 0.08758958915186159, 0.4, -0.1535374229241037
-0.014743020361085435, 0.02441160789960073, 0.061783724234767405, 0.4, -0.13186936477079542
-0.004581119885748386, 0.0347330819438465, 0.02860559159731934, 0.4, -0.09312412418386236
-0.013736880521403094, 0.029592258928973103, 0.001981035534179437, 0.4, -0.07562200916828406
-0.0005739627015941551, 0.03733855872460784, 0.03269923885303679, 0.4, -0.04344549350779556
-0.008062957946722626, 0.029257746127672457, 0.05767040518785378, 0.4, -0.028459109167906265
-0.014998043083664037, 0.019929536241027, 0.07885250370281073, 0.4, -0.014385321409952674
-0.00010078247432598886, 0.023589950850661123, 0.09439477625177609, 0.4, 0.013187514407560151
-0.007031503771787406, 0.011721938929088793, 0.1032785481385476, 0.4, 0.027067715615357205
-0.01409908830957729, -0.000800228168929884, 0.10746213290239015, 0.4, 0.040332631092452546
-0.0002972165118233505, 0.00046752129834615186, 0.10324637699536333, 0.4, 0.06661102848470683
0.012900169139185458, 0.0019931457128902763, 0.09282764730162267, 0.4, 0.09278293080918044
0.005220086217164521, -0.009880569178322918, 0.07943667658069528, 0.4, 0.10584040578141737
0.016940730606363807, -0.006794040257574685, 0.05802245029243623, 0.4, 0.1317011500861643
0.007807475220175775, -0.01728155952597077, 0.03994731789375601, 0.4, 0.14432915334112312
-0.002029244172203626, -0.027089342369056996, 0.02174833754563123, 0.4, 0.1565730332508269
0.005717021084373997, -0.022132195953247252, 0.002385179396734554, 0.4, 0.17907699722286316
0.011572992319858422, -0.01662437796730551, 0.026170721421563795, 0.4, 0.19699527311079737
0.015335129261766056, -0.01092859714718511, 0.04585353187841628, 0.4, 0.2071586529216168
0.000977051733450196, -0.019603911612139147, 0.05383180462864418, 0.4, 0.20808884618369075
0.0019914382901164984, -0.014113086407972653, 0.06531281085959952, 0.4, 0.19879451004045587
0.0014565534694419568, -0.00908560912043005, 0.07140448818985032, 0.4, 0.17077206171541331
-0.00023954104104717544, -0.004684376494248084, 0.07126902805864689, 0.4, 0.12019607495692854
-0.002214869503143646, -0.0007815593181418751, 0.06467115260192498, 0.4, 0.04440236038820515
-0.00827021841266573, -0.0016060431151089846, 0.054988449841015204, 0.4, -0.06682056459892038
-0.008049237698096512, 0.0029727582127603153, 0.0442774374130841, 0.4, -0.10400846807002209
-0.007189947129675023, 0.007202006333303826, 0.03147721532717929, 0.4, -0.1617641575121667
-0.005612348305779502, 0.01087243842202397, 0.015987532767584217, 0.4, -0.22106007882509546
-0.003125060875814878, 0.013950903279659158, 0.0007353202948564242, 0.4, -0.2739578488152784
2.226652239656346e-05, 0.01615680027078978, 0.017079339738281425, 0.4, -0.3199254335687501
-0.007450977055965868, 0.008840021768098616, 0.023625148575177276, 0.4, -0.34640097258059166
-0.0033846663441856606, 0.009861037658724675, 0.037051020077588745, 0.4, -0.37937543333122503
0.001119694833832341, 0.01005588704853444, 0.04830639317017969, 0.4, -0.4037870769450281
-0.006235877875335305, 0.002122994823420127, 0.048156849417586044, 0.4, -0.41514426845744173
-0.0013808276731426261, 0.0015827769170719264, 0.05348545033080885, 0.4, -0.42480379908227267
0.00400459484444271, 0.0008118385143730533, 0.05611833860078668, 0.4, -0.42594721126356316
-0.003599462285348576, -0.006016336972031577, 0.04517494301025879, 0.4, -0.42233430738120137
0.0029449687875846564, -0.005862994548588685, 0.04156117826316279, 0.4, -0.41112941542323483
-0.004266424529686397, -0.010576138165651672, 0.026536308496835394, 0.4, -0.4003509179720576
0.003750684339839605, -0.00910146746880669, 0.019472458896421636, 0.4, -0.38025054849898265
-0.002840898471222264, -0.011467163239057887, 0.0027011351953113126, 0.4, -0.3648417503454383
0.006897082030261181, -0.008670617070339337, 0.004281818161708318, 0.4, -0.3397216254218599
0.0012161005061042118, -0.008876622855093275, 0.019806314558314084, 0.4, -0.32216971729900573
-0.004106414243824741, -0.007981836933441622, 0.0319821837376328, 0.4, -0.3043477250796169
0.00837558837995278, -0.003723231643520619, 0.03389720123911153, 0.4, -0.2776873700982985
0.004271857155119907, -0.001622093205420616, 0.04088039549450548, 0.4, -0.2602735151895041
0.0006343874952885464, 0.0009255685000446601, 0.04336948524452456, 0.4, -0.24333946801706374
-0.0021086465739932336, 0.0036630665770470694, 3.9574639288843696, 0.4, -0.2270053931618916
-0.0036225389562489774, 0.006300230398743389, 3.961574316710086, 0.4, -0.21135693060820046
-0.004169595603502607, 0.008653749570207259, 3.96806537047826, 0.4, -0.1964501124475646
-0.003751937756820478, 0.010552496750770746, 3.976110019744763, 0.4, 0.18231625123181935
-0.0016286617632657041, 0.011905240583665988, 0.014916209177547272, 0.4, -0.16896655394008467
0.0008885452989919607, 0.012174873181169166, 0.004971929605682074, 0.4, -0.1563963053524157
0.003766430152555067, 0.01158596685509583, 0.015406421344037666, 0.4, -0.14458854352145917
0.007063134640922453, 0.010313378619070723, 0.024913351947699065, 0.4, -0.1335172018745688
0.010737784249534865, 0.008420540669951238, 0.03263637789590929, 0.4, -0.1231497333163221
-0.006882997120873924, 0.007803680559620774, 0.03397548869280125, 0.4, -0.11821854510411987
-0.0027318902185013982, 0.00531401870000936, 0.037974602751510406, 0.4, -0.10883685377612515
0.0019148686244401247, 0.0024934930497529373, 0.040068665117328456, 0.4, -0.10006234554094923
0.006959263087859657, -0.00046634318100086114, 0.03911918537632483, 0.4, -0.09185400565389364
-0.010110719350461483, -0.0006463652069300663, 0.03260044968019062, 0.4, -0.08794935853208508
-0.0038515514187023037, -0.003246971418486455, 0.02788406901017044, 0.4, -0.08051392341531799
0.003015179323035966, -0.005654593432540711, 0.021895921642408955, 0.4, -0.07354424458554003
-0.012833330052939296, -0.004430868188183057, 0.012383565723966612, 0.4, -0.07022213901461949
-0.0048432020303739165, -0.006065457683926911, 0.004664752643868356, 0.4, -0.06388046823378019
0.0035519462294262283, -0.007364867929141039, 0.0024601924536824687, 0.4, -0.057912957008466125
-0.011420087807979762, -0.004505051601191967, 0.010746270043238203, 0.4, -0.05505900112128393
-0.0022728198839323532, -0.00509004783565109, 0.016545228573504614, 0.4, -0.04959073801997934
0.007153719787840629, -0.005473474504668674, 0.02037481603854732, 0.4, -0.04441683153890716
-0.007340764986196291, -0.0014546176943820988, 0.025070627873708052, 0.4, -0.041931273651796684
0.0024121452931957776, -0.0015268008575681224, 0.025815546018031512, 0.4, -0.03714600207310057
0.012556190708285175, -0.0017477401907007861, 0.024306678837236615, 0.4, -0.032587252809921065
-0.001450530963966301, 0.0024115319686942027, 0.022735853524671217, 0.4, -0.03038525796140769
0.009372978078193483, 0.0016950999516400223, 0.01857640061207483, 0.4, -0.02612181298740333
-0.004246042665165373, 0.005375069349455863, 0.014121827011936759, 0.4, -0.024043265317948422
0.0070323533330891586, 0.003919209576362881, 0.008743974948503444, 0.4, -0.019993031702433803
-0.0065367133080243, 0.007009538841945551, 0.003435257863093135, 0.4, -0.018033698791771618
0.0049555547414916745, 0.004770470531277049, 0.0020337676247933036, 0.4, -0.01422520885984366
-0.008676461493971832, 0.007248270748267005, 0.0065912580212942416, 0.4, -0.012368744067308356
0.0027082917061282963, 0.0043781889918182715, 0.011502841491005469, 0.4, -0.011930229468255095
0.014049136081354385, 0.0012572138782467046, 0.014374957246051458, 0.4, -0.011901801829566303
4.6183794076615214e-05, 0.003132091783313945, 0.016029141077755528, 0.4, -0.011895332698430433
0.011157835379280723, -0.00019543530094554007, 0.016512472204648965, 0.4, 0.011897920861926052
-0.003051315837355517, 0.0016352905879081503, 0.0166544036304985, 0.4, 0.011855878157543779
0.00784013805955408, -0.0016602608397052743, 0.01660362463542543, 0.4, 0.011893985768522167
-0.006227744552106618, 0.00016056638015515823, 0.015036282312606727, 0.4, 0.011920707796066299
0.004759649273385014, -0.002955428856308673, 0.01239875140438415, 0.4, 0.0119895874178255
-0.00918862698056766, -0.0008860101839379686, 0.00961845931427814, 0.4, 0.012031788119408849
0.0018710846664651282, -0.0035983757067984123, 0.005373216893979108, 0.4, 0.014986912630127296
-0.012112997090504507, -0.0010783625947661246, 0.0021110612459209247, 0.4, 0.016616789598882395
-0.0011141825968594699, -0.0032809799079264457, 0.0023090824217461684, 0.4, 0.019864682894285952
0.009622345270934307, -0.00512232993435735, 0.006285126236525341, 0.4, 0.02310115260556755
-0.004546455401178484, -0.0019766592135003758, 0.008037036664203624, 0.4, 0.02471650832543922
0.005908990715094431, -0.0033866051156123955, 0.011156755131606256, 0.4, 0.027955386305572257
-0.008571364708623186, 2.4226047630776515e-05, 0.0117707694923835, 0.4, 0.02957494670146401
0.0013975124738854205, -0.0010850237500326654, 0.012869647107901441, 0.4, 0.03281276499856648
0.011052191221058605, -0.002022304756356369, 0.01343671176413776, 0.4, 0.03604708692076864
-0.0037527837810280573, 0.0013400113075805742, 0.011290984507396986, 0.4, 0.03766175062950876
0.005650731678788379, 0.0003471583266141248, 0.010556963912213132, 0.4, 0.040882370214109426
-0.00933071223395121, 0.0034086268992831875, 0.007468947111204976, 0.4, 0.04248633906530458
-0.0004180205528498959, 0.002277422947226923, 0.005557856035467881, 0.4, 0.04567526040138867
0.008120584668394715, 0.001159734205643012, 0.00393376312477434, 0.4, 0.048828068518871136
-0.007360262096988812, 0.0036255496769801443, 0.00012278884914617552, 0.4, 0.050386090522746424
0.0006096431918336531, 0.0022921569872760422, 0.001761946837881155, 0.4, 0.05345366302268354
0.008034905945723425, 0.0010040024524010094, 0.0031012945092761704, 0.4, 0.056438067419137934
-0.008096455393229451, 0.0028650553429180464, 0.006613322729880441, 0.4, 0.05789112434632535
-0.0013277629844242744, 0.0014618546516511413, 0.006943870204130017, 0.4, 0.06070054770954737
0.00484755758912514, 0.00017080655476043455, 0.0069308010390890925, 0.4, 0.06335301161845326
0.010679877434277119, -0.0010289594733568289, 0.006223877140773398, 0.4, 0.06581047156383196
-0.006475140874147911, 0.0003981438610491522, 0.007646295823254166, 0.4, 0.06695277229439373
-0.0013977106546049223, -0.0006654263578702233, 0.006368173484966708, 0.4, 0.06903503371509262
0.0034316984507730686, -0.0015674287902533272, 0.004351507436041039, 0.4, 0.0708043757941529
0.007768243026754051, -0.00225390816874544, 0.0022891887478761253, 0.4, 0.07220457659768219
-0.009982641874640596, -0.0009724525259855628, 0.0025889330957564304, 0.4, 0.07274735396644458
-0.006160143229150594, -0.0014551056441860777, 0.0004054637503408111, 0.4, 0.0734780651211253
-0.002802009414845541, -0.0017283592892706773, 0.0017571768598381745, 0.4, 0.07367931855259427
0.00031116043750023525, -0.0018356575522669952, 0.003833286967291198, 0.4, 0.07328099904905508
0.0029295007549273167, -0.0017678736991979943, 0.0054154971890285975, 0.4, 0.07221124254678477
0.005175226830856583, -0.0015724765259121833, 0.006646813654068572, 0.4, 0.07039798064614225
0.007100267841139873, -0.001284839253254992, 0.007308047171323309, 0.4, 0.06777081397939273
0.008573112812945094, -0.0009304798058190587, 0.0075150332763526655, 0.4, 0.06426321183660251
0.009856668472904895, -0.0005618189337386666, 0.0073581006153804395, 0.4, 0.059815019723486997
-0.009542275936023858, 0.00020079104628111118, 0.004841340028524152, 0.4, 0.057221826889877335
-0.008714909525247116, 0.0004215937371349304, 0.004230742151191652, 0.4, 0.05127080268017243
-0.007972073730164675, 0.0005981166195239926, 0.0032516816096962754, 0.4, 0.04427523335114783
-0.00751268129552618, 0.0007198823635981502, 0.0019833086991551813, 0.4, 0.036220822812656636
-0.00714604570203492, 0.0007779930401438681, 0.000759085909206577, 0.37928857789537385, 0.02570896146228567
-0.005562253922134067, 0.0007512675982271132, 0.0004286160413597321, 0.3341715660826715, 0.020801428695355957
-0.002012531773786068, 0.0006733364635697728, 3.998288224708518, 0.2820945233503524, 0.0176205165598025
-0.015193026014142116, 0.0005733283074387226, 3.9973862847371424, 0.25210405879670517, 0.015747217244993058
-0.008277804737481576, -2.674149194520569e-05, 0.00130851032495105, 0.16936596696851505, 0.014695991389936268
-0.008619177486766574, -4.6125566247315235e-05, 0.002853899723431415, 0.20743017545697562, 0.024390645549322073
-0.008486212971419896, -0.000128295386372396, 0.004835724857622014, 0.2395200487893764, 0.04164278535718882
-0.004325467700621366, -0.0002518157541078426, 0.006224731965618001, 0.26779239973342917, 0.061168585872120915
0.0019594081446071554, -0.0004014705790065425, 0.008120811357286059, 0.2933536833215753, 0.08250906666952751
-0.008027463290135442, -0.000949108644147508, 0.01540540341834314, 0.33874486049499697, 0.12932037466167423
0.00464430479637401, -0.0012348081185144832, 0.015472674308096089, 0.35930196283446936, 0.15427678264940495
0.003056566176083575, -0.00202769623872467, 0.01814300523504624, 0.39725522396920776, 0.20624033948646245
0.0029508558164887677, -0.0029258221716515955, 0.01936373235636812, 0.4, 0.240538138701417
0.00600998762785715, -0.0035342704130331927, 0.01504464745416397, 0.4, 0.2701677801493677
0.009085107942931103, -0.0037535887355830064, 0.010085436631336276, 0.4, 0.29632332816462714
-0.006098402922395552, -0.0062893175098510026, 0.012967082064348406, 0.4, 0.32853265896842854
-0.0036081527203131736, -0.006150147104339369, 0.005618000870105277, 0.4, 0.3450292547709478
-0.001478370719379618, -0.005527345396069219, 0.0015427489621232693, 0.4, 0.35738666848491746
0.00025838200134897793, -0.004430603203526208, 0.009263274043969897, 0.4, 0.36556425540826304
0.0016877138265528613, -0.002907092887674885, 0.015020437213391604, 0.4, 0.36962338901725633
0.0027714678679224836, -0.001100784955394167, 0.019551499190907807, 0.4, 0.3697334355207603
0.003381738885430141, 0.0008940244241622819, 0.023059010678204577, 0.4, 0.36616750829609424
0.003590875602822785, 0.0029304679924014587, 0.024013481408119566, 0.4, 0.3592887390911829
0.003169099590268676, 0.0047202079590281665, 0.02371279195839301, 0.4, 0.3495291539978566
0.0019703155408197226, 0.006069521881396617, 0.02124520384484362, 0.4, 0.33736413998824566
0.0001974011201379966, 0.0068486903063423865, 0.016993587129182225, 0.4, 0.3232857754164681
-0.0022266228341925043, 0.006844520658606551, 0.011783289513807449, 0.4, 0.30777799061967753
-0.005170051029725453, 0.006032621260643439, 0.005220375529768247, 0.4, 0.29129578175977744
-0.008478701876917238, 0.004342564024573253, 0.002099860364006505, 0.4, 0.2742497538670178
-0.012272114493894648, 0.0016083065945624309, 0.009356726796446647, 0.4, 0.2569963429953766
0.0016139656323357343, 0.011354812101259826, 0.007848259443290236, 0.4, 0.24838724270043291
-0.002751537791484515, 0.007471320695342898, 0.0153917968718929, 0.4, 0.23136263172672963
-0.007486918450494429, 0.0025503815466842994, 0.021531507621582853, 0.4, 0.21476583332822174
-0.01239406714017155, -0.003223097965373789, 0.026456624487635482, 0.4, 0.1987545181841809
0.00030627857289233784, 0.006076560368093065, 0.02317384517698557, 0.4, 0.1910046751703524
-0.005277279339031882, -0.0007222702538847714, 0.025700184584485686, 0.4, 0.17606647808780468
0.006698892835075521, 0.0087239116722575, 0.020839599240255056, 0.4, 0.16889135821984075
0.00016646287177590757, 0.0008797285389848808, 0.021488145964256373, 0.4, 0.15514796419269145
-0.006929101448191588, -0.007825442793921111, 0.020763677757758583, 0.4, 0.14222054602761788
0.003278781662862551, 0.001352596757672797, 0.014027825344130666, 0.4, 0.13606060588289276
-0.00509604666868535, -0.008390049052973692, 0.011714432902126306, 0.4, 0.12433492127506983
0.0039605562132414285, 0.0008875803398780135, 0.004724150060218975, 0.4, 0.11876147510275463
-0.005447677784992111, -0.009677636246032129, 0.003168892975331666, 0.4, 0.10816966357429804
0.0026230384081129543, -0.00033013802809245263, 0.003139393741699228, 0.4, 0.10314046254164164
-0.0076651775566356495, -0.011687207633183538, 0.00349434591006083, 0.4, 0.09358603365671969
-0.0003717166333843114, -0.0023432903877208533, 0.007981340228281036, 0.4, 0.08904838889024949
0.006648867588641361, 0.007174097039451155, 0.011071167731003499, 0.4, 0.08466195881767186
-0.00450705552207098, -0.005223160862131038, 0.008919657108282304, 0.4, 0.07631684416393159
0.0020199029032119675, 0.003985474270784217, 0.010319862174930052, 0.4, 0.07234517256195325
-0.009626769275430158, -0.009578597248512066, 0.0072324461430497465, 0.4, 0.06477131712172776
-0.003465216789620529, -0.0008876486100637404, 0.006446362036479258, 0.4, 0.06115638375356342
0.0025697537979920693, 0.0076304187226323705, 0.005507603087287624, 0.4, 0.05764774132406788
-0.009423154040859139, -0.007529115842167644, 0.0008955649109044151, 0.4, 0.0509247589662946
-0.0034859260949304804, 0.0004433863482246059, 0.00041753338149308857, 0.4, 0.04769838264121012
0.002412407584210685, 0.008275879531217778, 0.00226619636365793, 0.4, 0.04455422982443865
-0.009606331717139538, -0.008176743130188568, 0.005952921094152915, 0.4, 0.03848965028505204
-0.0036909091461523325, -0.0007238429059766016, 0.006478068313844927, 0.4, 0.03555799845244135
0.00220631421689621, 0.006656583724463427, 0.007703244312895821, 0.4, 0.032686110626043256
-0.009848049176357287, -0.010722965533538131, 0.009294060985815335, 0.4, 0.027100149682943227
-0.003984466680859278, -0.003511444584574974, 0.008812061094801947, 0.4, 0.024375521812449726
0.001833679590752535, 0.003674577825796721, 0.008590719912677763, 0.4, 0.021689530399342613
0.007523018129536929, 0.010801003136218457, 0.007184591186333537, 0.4, 0.0190370399750974
-0.0048815922174494375, -0.007244722913273494, 0.007003251497309915, 0.4, 0.01381219765635497
0.000594396779534101, -0.00021517824383909812, 0.00556127595586518, 0.4, 0.011262635927388564
0.005910290301684107, 0.006808383788479588, 0.0034413102564392196, 0.4, 0.008703323443370877
-0.006827053859199239, -0.011438024244213585, 0.002556745261017386, 0.4, 0.006689608088331608
-0.0016795852649957865, -0.004346154289455617, 0.0005401185115886022, 0.4, -0.0066555662977823915
0.00336468811055024, 0.002798752184429487, 0.00043470844074461877, 0.4, -0.006703754858274895
0.008450282688136745, 0.010035227847013717, 0.0009606594962658499, 0.4, -0.006679568013507037
-0.00448190761692846, -0.00798432140344607, 0.002718245925159951, 0.4, -0.009335628671740608
0.0005507741435228919, -0.0006220402919405732, 0.0028412726415498473, 0.4, -0.012005457701315987
0.005652186391482905, 0.006821721833922378, 0.0032596974617453874, 0.4, -0.014720209001751815
-0.007199293783932026, -0.010737550006410634, 0.0043868502397930486, 0.4, -0.020217524166849393
-0.001995900302054432, -0.0031224400199563185, 0.0036077746324809827, 0.4, -0.02304239061683054
0.0032744417847330176, 0.004496172855698255, 0.0033899071286648905, 0.4, -0.025926657504958157
0.008628321720337562, 0.012136292385424019, 0.0022646287246525375, 0.4, -0.02887707737839586
-0.003816101120056814, -0.004713815348954986, 0.0029807898882629647, 0.4, -0.035004783638273265
0.0017951484044114174, 0.003110839836158563, 0.0022175077038969915, 0.4, -0.038197050015984814
0.007573559923218731, 0.010944806322074507, 0.00024099798900873101, 0.4, -0.04148548360723737
-0.004420921476044004, -0.005107686945183376, 0.0015798950326860696, 0.4, -0.04838482599183594
0.0016968482318064915, 0.0029707454144518586, 0.00010103100962567516, 0.4, -0.05201378432298167
0.008082374266419112, 0.011114934084658579, 0.0018606135613978845, 0.4, -0.05577507164374794
-0.003303659170044604, -0.0038460127419432943, 0.00028089472505277646, 0.4, -0.0637360954494167
0.003484146550743361, 0.004617815551312132, 0.0015901758357155756, 0.4, -0.06795795019516616
-0.00743279257015228, -0.009319744357212834, 0.0007083889881420193, 0.4, -0.07694415669797171
-0.00015415453928335765, -0.00047449446975100784, 0.0006157486324195128, 0.4, -0.08173437929893165
0.007415197323684453, 0.008408139674391135, 0.0027591612883721933, 0.4, -0.08674108486884125
-0.0027120820407562363, -0.004028852266020788, 0.0006663178070741846, 0.4, -0.09746356273492124
0.00540127317386796, 0.005288989523752896, 0.0012199859246173669, 0.4, -0.10321106735083406
-0.00412216650642927, -0.005843221858758518, 0.002140347521939015, 0.4, -0.11556389035592109
0.004633765392772382, 0.0038838583647948788, 0.0005105022943213885, 0.4, -0.12220573364261113
-0.004207987386325218, -0.005860791135024801, 0.0034589828469700724, 0.4, -0.1365175279409305
0.005253415740724687, 0.0041952458705400986, 0.0013190752249711759, 0.4, -0.14422862590705815
-0.002785539775390866, -0.004117602188757452, 0.004933425980221168, 0.4, -0.16086901106246157
0.007527333877340059, 0.006231656095672111, 0.0013386622795523947, 0.4, -0.16984297480588179
0.0003961355124659782, -0.0007251863185393503, 0.005307425856107848, 0.4, -0.18921227572305777
-0.006233574642930062, -0.006587810527760585, 0.008660753481710404, 0.4, -0.21062775687282032
0.005567496751712753, 0.004140206610502961, 0.00342031372693123, 0.4, -0.22215739803632079
0.0001090146408979642, -0.0004905497839740036, 0.006659304584658326, 0.4, -0.2469590984702943
-0.004775158001363966, -0.004143194434335307, 0.009779448579949192, 0.4, -0.2741899434089065
0.008962943623926467, 0.0065299851070657056, 0.001759614032026451, 0.4, -0.2887435754509598
0.0055674038121305, 0.003848592769827963, 0.004187222898293879, 0.4, -0.3197405242187414
0.002786954252492535, 0.0019745610960666404, 0.006886225698201365, 0.4, -0.35319759015881586
0.0008713161226574506, 0.0009077232016116987, 0.008685888492376469, 0.4, -0.3889200260767965
-0.0003036581395239324, 0.0004632175209131617, 0.010015202036478278, 0.4, -0.42653390639437666
-0.0006439399110869104, 0.0005062561780784236, 0.009933445504633464, 0.4, -0.4654447320696023
-7.393869726213254e-05, 0.0009225091294573495, 0.009166067724612016, 0.4, -0.5048045089858926
0.0012520034360292698, 0.0015232313609891968, 0.007800324117730106, 0.4, -0.543498130368656
0.003441593360968831, 0.002149600577169508, 0.004957061482326156, 0.4, -0.5801617198083857
0.006296244233630954, 0.002635124689164048, 0.002236292044533111, 0.4, -0.6132443734320656
-0.0080849814301307, -0.0002578852667882714, 0.016813147169515617, 0.4, -0.6526111980089306
-0.00415235646690526, 0.0005751092374968181, 0.01093002478024633, 0.4, -0.6698422073110856
0.00012173760905387354, 0.0007460125228710979, 0.0038745385307584392, 0.4, -0.6785273552205691
0.004582815949591534, 0.0002748733535669068, 0.0032430004786273598, 0.4, -0.6780632828344579
0.008931805313584285, -0.0008561688781703047, 0.009914243576547813, 0.4, -0.6684303238272379
-0.0048071655644754685, 0.00010305542449540184, 0.002203712533192202, 0.4, -0.6381698102913524
-0.0011723290313838675, -0.0012132470965875441, 0.004157331743296121, 0.4, -0.6091530356539621
0.0018051932551439442, -0.003027653105656558, 0.009811386744884732, 0.4, -0.5748141203718575
0.0040586230330816875, -0.005068966975195988, 0.013479616100252908, 0.4, -0.5367724663249318
0.005242950156176818, -0.006985556483313893, 0.015239484333495276, 0.4, -0.49657671689635097
-0.0124459430513566, -9.478621551961552e-05, 0.0015831848510483133, 0.4, -0.43515970746404
-0.013090277252023608, -0.00028011608851796765, 8.910188739454822e-05, 0.4, -0.3949912882667498
0.003385851787169436, -0.010202962577734898, 0.00931619779233673, 0.4, -0.37543087855863844
0.0011660257827390552, -0.009792421159203979, 0.004512740647813918, 0.4, -0.3376837025413394
-0.00168347579494732, -0.00847439493936264, 0.001110555835029619, 0.4, -0.3020424061441997
-0.0051481995657778334, -0.006152898585066957, 0.006268721769897368, 0.4, -0.2686765399460576
-0.00903069940624901, -0.0029098484358636156, 0.012401652559584598, 0.4, -0.23761052827667228
-0.013192126198197318, 0.0012092777556835799, 0.017789474875202507, 0.4, -0.20876115631376224
0.00014929490219239838, -0.008512846532083174, 0.015296612780003506, 0.4, -0.19512005744583727
-0.004657586103442135, -0.003334082674356864, 0.019796937350494773, 0.4, -0.16927875078355986
-0.009699830331099335, 0.002581784486205496, 0.022710386405698668, 0.4, -0.1451611678346754
0.0028888187803643994, -0.007077001879918665, 0.01967034358850738, 0.4, -0.13366786006197182
-0.0026192940630052064, -0.0005070535652778041, 0.020734217062867995, 0.4, -0.11163810632356491
-0.008506279487120239, 0.006639188418573916, 0.02033225747068767, 0.4, -0.09063854320001222
0.00316419453337069, -0.0030734622575008252, 0.015745535277896072, 0.4, -0.080428777592998
-0.003391496943223604, 0.004448916457951313, 0.013616602649615011, 0.4, -0.06038574685535598
0.007524533766773089, -0.005351232600045108, 0.008893385910204502, 0.4, -0.05046651333904999
0.0003129944654021166, 0.002370181507629354, 0.0056681559773825085, 0.4, -0.03060308895817321
-0.007176933732946367, 0.010153395706316903, 0.001992017248506076, 0.4, 0.012888192452877756
0.003027082797653513, -1.597228690086716e-05, 0.0010401443438758655, 0.4, 0.016541641878654575
0.0024980836544674645, 0.00023756985530321018, 0.010481154754672772, 0.4, 0.174163012457879
0.0012382909260209018, 0.0003087977948956766, 0.024115107920921648, 0.4, 0.3121950386355696
-0.0005206503103032389, 0.00010346699071894783, 0.028294436552831426, 0.4, 0.414076927948845
-0.002468052374585916, -0.0001942091688351688, 0.03126913843335389, 0.4, 0.4801100319519735
-0.004961156399781785, -0.0001843240141785607, 0.02973228133577605, 0.4, 0.5114646605071405
-0.007687423904241264, 0.00022768210628898444, 0.02449358807095312, 0.4, 0.5112179756018805
-0.010766273533779902, 0.0011195486342476801, 0.017637119367056107, 0.4, 0.48447334682031423
0.004647001759022551, -0.007146344318469833, 0.006264520763435084, 0.4, 0.46313171452336505
0.0017061237632773896, -0.004518556006771757, 0.012998061674726363, 0.4, 0.408599889148064
-0.0015426699605098904, -0.0015694325147583843, 0.018983397918323083, 0.4, 0.343177144379296
-0.005196277600809651, 0.0017168127381819165, 0.02461526300996124, 0.4, 0.2715007936495508
0.011742128580669586, -0.0023668590033336656, 0.03410614319925274, 0.4, 0.23430399960508932
0.007508050037591474, 0.0015861299348944868, 0.03404464354574855, 0.4, 0.15824921100250602
0.0026683080544929183, 0.005584358073335904, 0.034088734320221824, 0.4, 0.08032372060554151
-0.002667847059009354, 0.009479975619260284, 0.03100565772242718, 0.4, -0.01611816972094829
0.013217352659407489, 0.0061348375368501795, 0.02403741832226759, 0.4, -0.041651904397822334
0.007429689536865958, 0.009244610212362447, 0.017306494343977175, 0.4, -0.12874260773604787
0.0019120637836813614, 0.011914321417363816, 0.012413532019633125, 0.4, -0.2229419151171982
-0.0032178555326147773, 0.014208584862572593, 0.008437993287164089, 0.4, -0.32636446283083864
0.012279830858050289, 0.007512605950149798, 0.011205214825840621, 0.4, -0.382018477270809
0.007765730171875873, 0.008123247486531815, 0.013955051373939972, 0.4, -0.5013386113066317
0.004199045730487683, 0.008312369555877996, 0.014119917899615558, 0.4, -0.6294695201271474
0.001422719281967133, 0.008251730104179567, 0.01367423425530901, 0.4, -0.760428041101042
-0.0006396831921762214, 0.0077186460997513695, 0.012427811207842913, 0.36244911312776884, -0.8
-0.002298334100630406, 0.0073447032531615, 0.0069635743114503474, 0.3263142365664824, -0.8
-0.0035796712745419512, 0.009874720831178463, 0.05173262063205961, 0.30876762226444027, -0.8
0.006152256160671499, 0.0008879567056370163, 0.04415518308155728, 0.30641613837356174, -0.8
0.001134074020021636, 0.01060837988390384, 0.048741115258974024, 0.31437414112152445, -0.8
0.006655654285964374, 0.002877740918541205, 0.017913732412903293, 0.3248982290532451, -0.8
0.0015284118206944086, 0.013560507508164177, 0.013257468026180068, 0.3603261430067328, -0.8
0.004465569309813233, 0.0036942279129363875, 0.0184689906569699, 0.3837279176005538, -0.7950968270478649
-0.00010711779384031672, 0.01228846405699291, 0.017176647354877096, 0.4, -0.7001097940502456
0.0010850979279570794, -0.003458355340575814, 0.04782002450844078, 0.4, -0.6345538215723387
-0.004032919345329233, 0.004590269435439609, 0.04935696150969811, 0.4, -0.5078144517826885
-0.005972038771561827, -0.010346955429628046, 0.06080202929177659, 0.4, -0.44815186768393556
-0.011224523821881327, 0.0019822228989017088, 0.05131877153229052, 0.4, -0.3375306533393824
-0.013924493745874678, -0.010001939673499383, 0.05053650925336694, 0.4, -0.2863046510623102
-0.01745775626036039, 0.006660501511896566, 0.034096168680182816, 0.4, -0.1899214193373146
-0.01917218134332188, -0.003058431019592911, 0.022633016120000106, 0.4, -0.14345435954385188
-0.02012051183450847, -0.012312820342819109, 0.007878969655339614, 0.4, -0.09700961861787025
-0.02020299798159364, 0.00709790810181965, 0.00851677881665162, 0.4, -0.03703292630010299
-0.01919297047719848, -0.0018021712693391256, 0.03610978567974302, 0.4, -0.37925982802267494
-0.01578597052136299, 0.0031342877900367716, 0.08427160552465544, 0.3847027705576474, -0.8
-0.009093888550640195, 0.008023567196372317, 0.13916526493000897, 0.28643994559225733, -0.8
-0.0029784793534535225, -9.704959661149815e-05, 0.1627806450125012, 0.2672088658175453, -0.8
0.004589191249745994, -0.0020873398825400624, 0.18841905764634348, 0.2686958342576597, -0.8
0.013412430737993475, 0.0005395909015011302, 0.18022179140743438, 0.2873375833944504, -0.8
0.014292748664786359, -0.01062173168302516, 0.1326230349182169, 0.3029137493607927, -0.8
0.021638996602576732, -0.007310921963013195, 0.11000249398728415, 0.342371580022155, -0.7886708333222052
0.029713477384146536, -0.0040226645044133535, 0.07491328529320843, 0.3797451330930927, -0.7386458089667582
0.03560978494764466, -0.0007445066251581256, 0.012238364277374932, 0.4, -0.6419787948885732
0.02408623468230342, -0.010758833866272965, 0.059102953174795574, 0.4, -0.5794458755669694
0.007919335538461247, -0.01978699652310245, 0.10491284952961025, 0.4, -0.521259719272187
0.0051850169319402895, -0.012119983902618592, 0.129643460056346, 0.4, -0.41835267160133865
0.002880290225117932, -0.002495598256455289, 0.1413078353148967, 0.4, -0.3325060512220711
0.0027541268780213457, 0.009105690262309896, 0.1508901306022219, 0.4, -0.2614998883864352
-0.013066316634643194, 0.008643595133142945, 0.1655050747390893, 0.4, -0.2307356826978705
-0.00898802811254562, 0.02309120697841105, 0.14232571472552683, 0.4, -0.1770553416734503
-0.002155618023490291, 0.037006409608378865, 0.10902117465289163, 0.4, -0.13186936477079542
-0.013199928335940747, 0.03565806709073116, 0.07409851709701439, 0.4, -0.11180592944761865
-0.0015431914226811116, 0.047190372822934035, 0.02986827462258446, 0.4, -0.07562200916828406
-0.009422319194372086, 0.0426126817154131, 0.010247487756519858, 0.4, -0.05911723120351198
-0.01627753550123323, 0.0361555530995995, 0.04743959033249167, 0.4, -0.04344549350779556
-0.0007613225777953758, 0.04213703035194627, 0.08105714226486302, 0.4, -0.014385321409952674
-0.00636657923932038, 0.03198824273454931, 0.10459445931212454, 0.4, 0.011183606232517436
-0.011962726621594477, 0.02024877084429355, 0.12169393480427473, 0.4, 0.013187514407560151
-0.01746950375834455, 0.007349911537921083, 0.13307642256134783, 0.4, 0.027067715615357205
-0.0019474514401522924, 0.00774289855766086, 0.13445694911686876, 0.4, 0.053497873648996316
-0.008028240293720401, -0.006307707858244027, 0.12998423357121164, 0.4, 0.06661102848470683
0.00656837463037796, -0.0055714542051611415, 0.11639148745145282, 0.4, 0.09278293080918044
-3.781461614149606e-05, -0.01824791273519355, 0.09944182931411348, 0.4, 0.10584040578141737
0.012747437986222465, -0.01565862632387166, 0.07421709107965124, 0.4, 0.1317011500861643
0.004520469417597539, -0.026471647541536997, 0.05135356097138641, 0.4, 0.14432915334112312
0.01425130144717457, -0.022055464335135694, 0.020935707816473255, 0.4, 0.16823813887263375
0.0037690553333442622, -0.03111342842326123, 0.0017143844997678335, 0.4, 0.17907699722286316
0.0100020128524001, -0.025178475721081478, 0.031246486247829088, 0.4, 0.19699527311079737
0.013942608537110601, -0.018777890438950604, 0.05613944535003627, 0.4, 0.2071586529216168
-0.00042859144415619, -0.02654243569150666, 0.06841185018196691, 0.4, 0.20808884618369075
0.00027203702281486386, -0.02002031875709935, 0.08455729762161932, 0.4, 0.19879451004045587
-0.0007018127981233135, -0.013769287256058943, 0.09278993858826913, 0.4, 0.17077206171541331
-0.0030586874975053746, -0.008187771269397244, 0.09384778353726879, 0.4, 0.12019607495692854
-0.0058788889557988, -0.003128573016868013, 0.08751041288865141, 0.4, 0.04440236038820515
-0.0025484060213361026, 0.00726282522370332, 0.07465544823408882, 0.4, -0.07582638768529235
-0.002768249192196759, 0.012873360333289778, 0.05949241827907031, 0.4, -0.12164862766536798
-0.0019418440534066939, 0.01808585980656332, 0.04143724559663421, 0.4, -0.18221531582529732
-6.876479222928111e-05, 0.022543348349840536, 0.020135388625742268, 0.4, -0.23942626979458892
-0.007898135236097836, 0.016804898164947804, 0.005301567234535493, 0.4, -0.2739578488152784
-0.004297351822094342, 0.01967403211946192, 0.016690041913240937, 0.4, -0.3199254335687501
0.00014656017350400674, 0.021381423298112018, 0.037101695823393475, 0.4, -0.358313737818011
-0.006436754344463669, 0.013675498997400781, 0.0455721537311866, 0.4, -0.37937543333122503
-0.0010270696737038065, 0.013747672033357167, 0.06135144317965908, 0.4, -0.4037870769450281
-0.0076172259301232614, 0.00530343933523561, 0.06261714413560485, 0.4, -0.41514426845744173
-0.0018097967613228683, 0.004202807860752444, 0.07125206258646388, 0.4, -0.42480379908227267
0.004296964283364346, 0.0024849801645175362, 0.07562289963260783, 0.4, -0.42594721126356316
-0.002814922672179865, -0.005509464555503052, 0.06540269424534517, 0.4, -0.42233430738120137
0.004451081388036293, -0.006406878313052755, 0.061467533867235205, 0.4, -0.41112941542323483
-0.00216666187588066, -0.012118770244987753, 0.04394318655995975, 0.4, -0.4003509179720576
0.006526823869495768, -0.01161519369524866, 0.03440242054152347, 0.4, -0.38025054849898265
0.0005219181102660286, -0.014631784503202128, 0.01351375595011804, 0.4, -0.3648417503454383
-0.005346398380280615, -0.016093639970349405, 0.0069616546217116755, 0.4, -0.3482994131032315
0.0056338070399499784, -0.012620777464673605, 0.01781512348522144, 0.4, -0.32216971729900573
0.0006584590050016104, -0.011635910233306235, 0.03512998951411817, 0.4, -0.3043477250796169
-0.00393489290845217, -0.009514686546921225, 0.048362504349629694, 0.4, -0.2865260911011891
0.00986501277509122, -0.004375378570741217, 0.05221340702475404, 0.4, -0.2602735151895041
0.00641344711130909, -0.001006839008835414, 3.9426256010243432, 0.4, -0.24333946801706374
0.0036842176624349854, 0.0026220358725605464, 3.9427806785054393, 0.4, -0.2270053931618916
0.0021377329456315763, 0.006204797958435371, 3.9460358446411252, 0.4, -0.21135693060820046
0.0017531046008820717, 0.009487182134142125, 3.9534279113747837, 0.4, -0.1964501124475646
0.0025035965335069577, 0.012187759955507749, 3.964290789668391, 0.4, 0.18231625123181935
0.004940046394983799, 0.014160846223867707, 0.025607509301558418, 0.4, -0.16896655394008467
0.008046721531220324, 0.015095007203857591, 0.005678230821132361, 0.4, -0.1563963053524157
-0.009471124984679502, 0.015847443158426677, 0.0038645385972676726, 0.4, -0.15039856258161435
-0.005940739673855333, 0.015178463320614455, 0.017712832133190404, 0.4, -0.1389627298036104
-0.001907127825401922, 0.013597924718283583, 0.03076865608135147, 0.4, -0.128247709106377
0.0025170768760771622, 0.011210805199000695, 0.04035811678742688, 0.4, -0.11821854510411987
0.007248958072507694, 0.008167472544475363, 0.048634308525106355, 0.4, -0.10883685377612515
0.01204833896030566, 0.004610609451029146, 0.052937925281420266, 0.4, -0.10006234554094923
-0.005414796984568149, 0.0033276984789670783, 0.04932262429263846, 0.4, -0.09588997009901996
-0.00010173367405519329, -0.00025646043481863945, 0.04797737241004189, 0.4, -0.08794935853208508
0.005997397498304746, -0.0038295713395896658, 0.043316519611772596, 0.4, -0.08051392341531799
-0.010236718722677285, -0.004017488952608672, 0.03331752556479395, 0.4, -0.07697327436201568
-0.0029020463803810514, -0.006790033895249792, 0.02547971156224993, 0.4, -0.07022213901461949
0.005068352294480327, -0.00920078077396319, 0.016009692425244443, 0.4, -0.06388046823378019
-0.010005109209370922, -0.007467283592542562, 0.004202344425860977, 0.4, -0.060852075099035695
-0.0011388462133177235, -0.008781880616578697, 0.004981401746221142, 0.4, -0.05505900112128393
0.008299380463518968, -0.009693022516952643, 0.013980319552322618, 0.4, -0.04959073801997934
-0.006164310725210509, -0.0060355632656722835, 0.022290255590906815, 0.4, -0.04696881771750564
0.003618000331895743, -0.006116851649654198, 0.02738992997267291, 0.4, -0.041931273651796684
-0.010654503799075954, -0.0016294047785753163, 0.03206134376514607, 0.4, -0.039508755219076735
-0.0006018534844436374, -0.0013411704697390836, 0.03274299031915386, 0.4, -0.03483985215694041
0.009841451690920877, -0.0011824926854682727, 0.03170956156980405, 0.4, -0.03038525796140769
-0.003916302797525972, 0.0033851706186399655, 0.028760307770731828, 0.4, -0.02823102522009504
0.007220990047557052, 0.002930820269721801, 0.02347843005853308, 0.4, -0.024043265317948422
-0.006164686377758688, 0.006902411323779056, 0.018629355969655315, 0.4, -0.021994634628507703
0.005436654212748859, 0.005583152106352018, 0.011304593333780068, 0.4, -0.018033698791771618
-0.007863243452728597, 0.00875324117562315, 0.004899653184296407, 0.4, -0.016112370882429776
0.0038865669292214022, 0.006491383854807242, 0.0024223523379250864, 0.4, -0.012368744067308356
-0.00953970181908037, 0.00885227310755518, 0.008822614414140641, 0.4, -0.011952171622695207
0.002030893875851314, 0.0057940168966901795, 0.01399216966765638, 0.4, -0.011913436658076561
0.013473819914054719, 0.0024353495561821037, 0.0184549280633557, 0.4, -0.011895332698430433
-0.00048327259341340856, 0.004021163175919273, 0.020647214878334895, 0.4, -0.01189403658390258
0.010644553490937625, 0.0004078850693220448, 0.0213892517286498, 0.4, 0.011855878157543779
-0.003588840180790198, 0.0019156260417624582, 0.02184274974147982, 0.4, 0.011872382167002307
0.007275854419143579, -0.0016757642820783847, 0.020579026600885824, 0.4, 0.011920707796066299
-0.00680748549021537, -0.00010751123852489886, 0.018889178461241628, 0.4, 0.01195256803901422
0.004169724420402643, -0.003443857704438752, 0.01561465167045292, 0.4, 0.012031788119408849
-0.009766109876616413, -0.0015343398932819718, 0.01143817945937431, 0.4, 0.01335210052166446
0.0012970892283934443, -0.0043421431184722525, 0.006776267406711168, 0.4, 0.016616789598882395
-0.012654323655747923, -0.0019020541481392095, 0.002171529495345726, 0.4, 0.018242479184243304
-0.0016612265804156756, -0.004060167383621832, 0.0028761569886095345, 0.4, 0.021484046831105306
0.009070776093464294, -0.005838222917605523, 0.007332441292400242, 0.4, 0.02471650832543922
-0.005021758126104947, -0.002614942855270197, 0.010852762274138133, 0.4, 0.026335483810184277
0.005370912865484412, -0.003826732442122227, 0.013700743469447696, 0.4, 0.02957494670146401
-0.00912643659420298, -0.0002739385218623186, 0.014490510330883192, 0.4, 0.03119412736640419
0.0007674757936904086, -0.0011420453238238093, 0.016150172162003228, 0.4, 0.03443056358965329
0.01034739190113343, -0.0018542498003212837, 0.016209211869072763, 0.4, 0.03766175062950876
-0.004431293481160337, 0.0016408724134878289, 0.014240784031870773, 0.4, 0.03927381380469919
0.00487016925568895, 0.0008448445667610938, 0.012522836418568231, 0.4, 0.04248633906530458
0.013803942796992041, 4.13400254943852e-05, 0.010323128629264709, 0.4, 0.04567526040138867
-0.0012681550019040255, 0.0029406188217204893, 0.006388190884958304, 0.4, 0.04725709072842153
0.007181388927200105, 0.0018656173919210511, 0.0034547318126734268, 0.4, 0.050386090522746424
-0.0083233202562214, 0.004235262671613019, 0.0008105176358518504, 0.4, 0.051928817419371144
-0.0005295753838580053, 0.002906825760379754, 0.002944609906200712, 0.4, 0.05495778362264426
0.00674881639992142, 0.001563682718848193, 0.005039028304096881, 0.4, 0.05789112434632535
-0.009466275120513234, 0.003274253004373527, 0.007871736132194123, 0.4, 0.05931327624385884
-0.0029218852938265316, 0.0018166719496998454, 0.008913313414871005, 0.4, 0.06204865761486771
0.00307655801969986, 0.0004277626382490629, 0.009065867709334824, 0.4, 0.06460869578876273
0.008620881122524349, -0.0008253317891097067, 0.00794590722023616, 0.4, 0.06695277229439373
-0.008628972325143591, 0.00042993521785231886, 0.009613049779441257, 0.4, 0.06802970159224819
-0.003701842024658508, -0.0007132482188047969, 0.007548822004436544, 0.4, 0.06996221632827578
0.0008843630571143679, -0.0016488333294599443, 0.005553912241332039, 0.4, 0.07155432538093075
0.005079405917626234, -0.0023848605488825288, 0.0034253768170149257, 0.4, 0.07274735396644458
0.00893091004592117, -0.002892641825139021, 0.00021163464829531802, 0.4, 0.0734780651211253
-0.00909211920544184, -0.0016693595592373739, 0.0006590752612173807, 0.4, 0.07364919938161217
-0.0058123746943425925, -0.0019411334714540245, 0.0021737865473012417, 0.4, 0.07355957243988723
-0.0029278112145201263, -0.0019805137157523373, 0.004543328833852966, 0.4, 0.07283457025088977
-0.0004332846448705241, -0.0018560536733740751, 0.006002218362652126, 0.4, 0.07140201306310053
0.0017048495502134942, -0.0015863966881527374, 0.008069649579023437, 0.4, 0.06919041220229878
0.0034579692946423157, -0.0012003652551702592, 0.00858780362865132, 0.4, 0.0661310078029241
0.004852795710644342, -0.0007737759042322481, 0.008798299938389712, 0.4, 0.062160125756011306
0.005960158915600033, -0.0003037360211935714, 0.008892882980788611, 0.4, 0.057221826889877335
0.006889983699251201, 0.00013814539196093279, 0.00748359084571592, 0.4, 0.05127080268017243
0.007630241583972269, 0.0005131403567447642, 0.0065951329506931215, 0.4, 0.04427523335114783
0.00818242604055014, 0.0008301852513772855, 0.004910671555585052, 0.4, 0.036220822812656636
0.008607022555822824, 0.0010283379882720317, 0.0027765205534719265, 0.37928857789537385, 0.02570896146228567
-0.00996552130243171, 0.0011713567050162647, 0.0013160755952382884, 0.35742311903028834, 0.022183155577049918
-0.006566739233032005, 0.0012144029228509194, 0.001080030636388383, 0.3092151178903597, 0.019289302361758104
-0.0007864401765980684, 0.0011161166143742523, 3.991484235507212, 0.25210405879670517, 0.015747217244993058
