delta_x, delta_y, delta_theta, base_linear_speed, base_angular_speed
-0.00545054794473954, 0.0004575866743342157, 0.029581272962979372, 0.16919442997170514, 0.022800967990710214
0.005241260505015499, 0.001977007560459886, 0.035119955794054046, 0.20722039538674333, 0.054450690208014775
0.0034960018940457527, 0.0028924371126009644, 0.03369027524027462, 0.23927906124839568, 0.09175995452751369
0.0037599153305618027, 0.003820445940966012, 0.025419520147416417, 0.2675262447691317, 0.13295047762173098
0.0071088585132308285, 0.004966139097167905, 0.036863864008884244, 0.29306897678501137, 0.17677510007082436
-0.0033047785470982777, 0.0063844592090083075, 0.03745279559099556, 0.3384496584432526, 0.2685677165390419
0.007658186912905679, 0.008743964084887222, 0.03063491143429694, 0.35901974675446885, 0.31498111512339655
0.0036686111888133976, 0.009643474077664166, 0.008637109063056063, 0.39705104248791023, 0.40549615957618607
0.0027736950127355, 0.010221673786618792, 0.004053902211444304, 0.4, 0.4529198691257574
0.004960737717596586, 0.01095511011368546, 0.004779232547060493, 0.4, 0.4837492005878448
-0.010849019962123507, 0.0071050018654166686, 0.026532406968461635, 0.4, 0.5047529161565949
-0.008884233632191374, 0.006261342090348412, 0.030679167821139972, 0.4, 0.5030813551925936
-0.007174635669393192, 0.005209614029536187, 0.03331540018310682, 0.4, 0.49057908831160957
-0.00587995285494658, 0.003937658125324386, 0.033505371205440525, 0.4, 0.46921028210200555
-0.005084706794562188, 0.0025063187331841735, 0.03294446034237044, 0.4, 0.4411420008092054
-0.004742748688108311, 0.0008967359237704309, 0.031382164380770974, 0.4, 0.40851524783610627
-0.005184138652050585, -0.0010846053948379564, 0.02839052612847367, 0.4, 0.37326007868114797
-0.006561007440332167, -0.003377541272161333, 0.024805243566673532, 0.4, 0.3369795012249035
-0.008723137207891418, -0.006031149560599247, 0.020798418283387868, 0.4, 0.30090318349412665
0.006243893519389809, 0.003151874593682158, 0.007041482498280366, 0.4, 0.2832252027362898
0.0024768424898996555, 0.0004627274567095552, 0.003744366345841964, 0.4, 0.24897518236083502
-0.0019377240804553386, -0.0026834019677539345, 0.0013411913133668674, 0.4, 0.21650981536218172
-0.0070761880337918415, -0.006383874975385645, 0.0014386324643813138, 0.4, 0.1860056750198391
0.005424563975617747, 0.004363474188702865, 0.00902381118287115, 0.4, 0.1714961819133964
-0.0005981819965987789, 0.00032174893334335763, 0.008774604002157935, 0.4, 0.14390624665067334
-0.007057470062368121, -0.004290947642226706, 0.008671089019760641, 0.4, 0.11808112000947989
0.004217154158007941, 0.0066044975693757, 0.010679373569904478, 0.4, 0.10576280367146618
-0.002908871870373919, 0.0011850816923749674, 0.008545063852454118, 0.4, 0.08215609020901901
-0.01020674486194495, -0.004722418734008416, 0.006285021057982708, 0.4, 0.05969206597368116
0.0005001075828311441, 0.005712884129651874, 0.004427994224375492, 0.4, 0.048798386603504704
-0.006938050395321693, -0.0008859015555624516, 0.0015998227554665314, 0.4, 0.027502382057281234
0.0038127189459407074, 0.00925660244230525, 0.0010545742579072012, 0.4, 0.01710097790221654
-0.003439827126052064, 0.002234377118864095, 0.0039837180004512526, 0.4, -0.013101094169291231
-0.010513113893319881, -0.004836800734532409, 0.005936440342198675, 0.4, -0.02459105811173615
0.0007435261388712977, 0.004969371957758706, 0.0095761538991019, 0.4, -0.03516198297702089
-0.005885519852412147, -0.002080438927094197, 0.009725900794814479, 0.4, -0.05664557898163076
0.005890274528168149, 0.007711060346399123, 0.01183328511965906, 0.4, -0.0676668040753597
-0.00019519581331328695, 0.001097635771165284, 0.010920783200729768, 0.4, -0.09044962813379506
-0.005991687760515285, -0.004995241567021247, 0.007942490451132723, 0.4, -0.11445200547900106
0.006628233578577669, 0.005040025691583128, 0.010070543892348332, 0.4, -0.12699262052884927
0.0013888315622163638, -0.00029819393877117406, 0.006154353124284488, 0.4, -0.15329840683038323
-0.0035157879100535805, -0.004859346618881988, 0.0012948039348062719, 0.4, -0.18139244623978354
0.010027685040349565, 0.005385466040597087, 0.004323842928686111, 0.4, -0.19615050379413485
0.0058527325379234, 0.0017550712568596971, 0.0008670505963952427, 0.4, -0.22711155702389343
0.0022289527732270997, -0.0009306049031386765, 0.005977911575282675, 0.4, -0.2599220531852666
-0.000962915668337061, -0.002811713692932094, 0.01108180726390645, 0.4, -0.2943170619824366
-0.003384625594590185, -0.0037616164586263823, 0.014809989438898321, 0.4, -0.3297804669962201
-0.005115356919643155, -0.003996904143345192, 0.017247812497785835, 0.4, -0.3654864035574961
-0.006219807308200487, -0.0037199164896877246, 0.01853967123238746, 0.4, -0.400254884271018
-0.006470839305279252, -0.002992465734187988, 0.018340903648441605, 0.4, -0.43253952267808377
-0.006070635359584076, -0.002035225651346062, 0.01712482852171781, 0.4, -0.46046706758240075
-0.004810776444449827, -0.0009600209374198698, 0.014174605458621802, 0.4, -0.48194358379588376
-0.0027924513506238924, 6.360323314258398e-05, 0.010552614632495976, 0.4, -0.4948279796266133
-0.00011624764340667504, 0.0009034157006919674, 0.005689301908779885, 0.4, -0.4971513602108763
0.0031897684073030064, 0.0014059972489832706, 0.00014787575194283905, 0.4, -0.48733737037712554
0.006931985470858937, 0.0014921475832113673, 0.005692142164061892, 0.4, -0.4643657339287675
-0.006855845105475211, -0.0008820407587782908, 0.0007768708867686895, 0.4, -0.40449729772765275
-0.0024966054129165194, -0.0011191785165278745, 0.008002605801462073, 0.4, -0.3479782552685521
0.00191990293046862, -0.0018547027644948422, 0.013975511084426956, 0.4, -0.2788104669205151
0.006128838407207349, -0.002993657581957021, 0.019500286754754702, 0.4, -0.1975496928049459
-0.007834430706728401, -0.0044579185898709905, 0.0214775914346677, 0.4, -0.05476627252027876
-0.004602753453116115, -0.0058693424572913155, 0.02152676979596219, 0.4, 0.0407782862332797
-0.0018817495098018, -0.007155784562016265, 0.022601896806406785, 0.4, 0.12362071399880281
0.0005786631204061088, -0.008240799530411569, 0.01824412398024885, 0.4, 0.19804592499749327
0.002810612133091972, -0.008918466075939935, 0.013051381870230815, 0.4, 0.26563936331488236
0.004907948773662518, -0.0091293031452514, 0.005808250351834585, 0.4, 0.3257907684269708
0.006794784520137931, -0.008754414609879801, 0.0031404180156333595, 0.4, 0.3776720768605602
0.00845010202869867, -0.0077604065470431305, 0.011645189410915021, 0.4, 0.42035457426584183
0.00975858064752666, -0.00617091473426612, 0.021104104295337645, 0.4, 0.4529771463091911
0.010720795204415268, -0.004000281720825782, 0.0290534700593024, 0.4, 0.4749335930301322
0.011347261811474052, -0.0013673701389111947, 0.03556127943857062, 0.4, 0.4860376189201306
-0.006833976856672752, -0.0046018801463307835, 0.02681327286636403, 0.4, 0.483226093357444
-0.0072847785772633955, -0.002416839041377239, 0.029557589070361708, 0.4, 0.46981100190440955
-0.008393424416090589, -0.00041183617789930516, 0.02963559322790713, 0.4, 0.4488482697516746
-0.010508423268194456, 0.0008582332604183396, 0.027467597072642614, 0.4, 0.42203616760002943
-0.013522955530234526, 0.001434247320887927, 0.02225815890643153, 0.4, 0.3910978574195011
0.0009227493315533408, 0.012025983445760335, 0.026759575291971677, 0.4, 0.3745871394899756
-0.0035781866324962053, 0.011243807137600204, 0.017288791925812744, 0.4, 0.34037072262180623
-0.008511262029654354, 0.00920731172067879, 0.006590140061377255, 0.4, 0.30553586063727045
-0.013845504549307552, 0.005773257457332814, 0.005142057765733438, 0.4, 0.270982661005765
-0.0012375854658199792, 0.015253798759690795, 0.007405604691228136, 0.4, 0.25401041645577077
-0.006954324573034132, 0.010018105189794069, 0.018868258643924832, 0.4, 0.22092101386904375
-0.012865180263810672, 0.003472113406582489, 0.028267714664338802, 0.4, 0.18912493427155477
-0.000548435036813455, 0.012098796129865752, 0.029309985583391505, 0.4, 0.17372085867015433
-0.006506171410352035, 0.004290578360148567, 0.036216936657577366, 0.4, 0.1438220938485983
-0.01255900962920542, -0.00431941949827408, 0.039195403950765435, 0.4, 0.11492244744568202
-0.0004086991936320672, 0.004147885735646506, 0.03584930572655532, 0.4, 0.10073620514776602
-0.00674762047412969, -0.004938419159972396, 0.03502991622561815, 0.4, 0.07260030889221371
0.004617381450112479, 0.003521811820079934, 0.029033769985336546, 0.4, 0.05851071439924005
-0.002603152878745796, -0.005901969207443791, 0.024471730792789664, 0.4, 0.02987339675514314
0.007963701358079334, 0.002824212987471597, 0.017816418960064067, 0.4, 0.015307056655418677
0.006105214428669292, -0.00030202385472577475, 0.012184031597427147, 0.4, 0.039980338365707795
-0.0020154266333460846, -0.009426825971101449, 0.011730641999863957, 0.4, 0.09732510176136781
0.001710332311049001, -0.0063340880224060925, 0.007643754785021977, 0.4, 0.14012644431675436
0.005104101925021087, -0.003028241278331567, 0.002677320707474981, 0.4, 0.17904288609191835
0.00818593388210509, 0.0005395162722290348, 0.0025904692917177387, 0.4, 0.21404835045610773
-0.00037491174640447156, -0.008679830085269291, 0.0018741918142541668, 0.4, 0.25906668153441825
0.002141947648912179, -0.004883337812820576, 0.0071046906389810776, 0.4, 0.28394811834598166
0.004296294223647745, -0.000780751280056835, 0.013108081461382048, 0.4, 0.30462203764499596
0.0059824031731259275, 0.0035477780912205326, 0.018499267611649092, 0.4, 0.32103652534955357
-0.002460727546562236, -0.00636836781442307, 0.0131610076006652, 0.4, 0.33770130719765057
-0.0011271733516746707, -0.00205649441394673, 0.016801809487824823, 0.4, 0.3436490665958762
-0.00021203942536729414, 0.0022137250922431573, 0.01882571013691619, 0.4, 0.345689743213341
0.0003845598712977072, 0.006350171815700412, 0.01960935669179914, 0.4, 0.3441049168665564
0.0006180878981232318, 0.010050588634578084, 0.019510266631804763, 0.4, 0.3392457206000471
-0.00701310119690346, -0.003395610483937217, 0.008419667905058211, 0.4, 0.32671106427988583
-0.006775032235486034, -0.0009840688005198217, 0.005864415839637053, 0.4, 0.3155002697014541
-0.006655724811921893, 0.0007716964993966791, 0.002393964806455082, 0.4, 0.3025281178422872
-0.006519832465869069, 0.002054199004861257, 0.001293910564940142, 0.4, 0.2882256806240843
-0.006327058230120475, 0.002769372979941842, 0.005879250890913341, 0.4, 0.27299286849570803
-0.006057808191740843, 0.0028733594888139535, 0.009719337539109413, 0.4, 0.2571879919216027
-0.005655302109773164, 0.0025223098740467798, 0.01348689257675905, 0.4, 0.2411216120874258
-0.005135880688496464, 0.001565457622879407, 0.017277212954828272, 0.4, 0.22505425441644608
-0.00449618796570439, 0.0001602096652710827, 0.01950636714995471, 0.4, 0.20919725765099637
-0.003775707551920693, -0.001704375843277539, 0.021685656517897344, 0.4, 0.19371593641972176
-0.002995464273359616, -0.004033474397866943, 0.02207294042549918, 0.4, 0.17873424709070676
-0.0022403911349240246, -0.006798809363632419, 0.02132618013305421, 0.4, 0.16434026112604577
-0.001563827218711289, -0.010176241648830242, 0.0205162245290997, 0.4, 0.1505918925685746
0.0016281078919804237, 0.007444470962660432, 0.013011240247394496, 0.4, 0.14397104811122732
0.0017236993867442152, 0.0032348462798355015, 0.011100708984449367, 0.4, 0.13124736351622385
0.0017262418744108388, -0.0014459802427260193, 0.008678509831127765, 0.4, 0.11921772883449115
0.0015697156397140866, -0.006650238629023253, 0.005370283932001395, 0.4, 0.1078754491544289
0.002976029013796122, 0.010260922402408834, 0.00044154332408129145, 0.4, 0.102457425567798
0.0023379140842667567, 0.004469617006523929, 0.003104556777807417, 0.4, 0.09211480143030983
0.001588091095565236, -0.001704315614668328, 0.004893635722854035, 0.4, 0.08241005895205532
0.0008188069092751604, -0.00812077733651062, 0.006000818394168149, 0.4, 0.07331741251777957
0.0010039814966535943, 0.008448242919158577, 0.00959252382007901, 0.4, 0.0689924245225887
5.987834924026103e-05, 0.0016189751441957334, 0.009059916890647689, 0.4, 0.060769197953509234
-0.0007903337826751233, -0.005442346274028065, 0.008295802553416368, 0.4, 0.05309521503518115
-0.000952763325298811, 0.010739393566077116, 0.0088426039039668, 0.4, 0.04945745123413423
-0.001672621446079603, 0.0031224849136286537, 0.006612474723747727, 0.4, 0.04256884110419611
-0.0022276410319315154, -0.004752216717212487, 0.004716160691015022, 0.4, 0.03618378943175142
-0.0022868935934412526, 0.011034897655916254, 0.003187539808891674, 0.4, 0.03317656377681717
-0.0025398491626886788, 0.0028529796027267906, 0.000368274557635694, 0.4, 0.027776572086766833
-0.0026155709910367086, -0.005526966068608363, 0.0017387857442687697, 0.4, 0.023196170489099027
-0.002351884731486731, 0.010085051775007514, 0.003841672503259365, 0.4, 0.020908674927020577
-0.0021194502614192423, 0.0016065091616250804, 0.005728716811944954, 0.4, 0.01645085712514793
-0.0017744164950741492, -0.007000318004442452, 0.007391964293236942, 0.4, 0.014648365291405417
-0.001258153105011317, 0.008686694605074319, 0.00810142100788933, 0.4, 0.014411668071607802
-0.0007779342787270771, 0.00014442681217152753, 0.008034444612233538, 0.4, 0.014005940528422153
-0.0002877655351829489, -0.008464608062504375, 0.008182532585826822, 0.4, 0.013686532707959295
0.00019668529095140386, 0.007230618563572655, 0.007103173329908319, 0.4, 0.013557948890413684
0.0005702516559686899, -0.0014734085387040352, 0.005512739411871581, 0.4, 0.013361161346891186
0.0008729918174057438, -0.010166085768597899, 0.004076684976791979, 0.4, 0.013243369773123159
0.0010579035125357628, 0.005412976990604612, 0.001882355854431349, 0.4, 0.013213857008034069
0.001125432374510904, 0.006619649821350659, 0.005406707224435144, 0.4, 0.19666740523152934
0.0019798632153085194, 0.00340865178248162, 0.03356893559472261, 0.4, 0.6976374138813054
0.005063735750692633, -0.0002615504784260203, 0.07330067846366727, 0.3067780079688923, 0.8
0.007326662120775929, 0.007282076543357885, 0.07853933030453347, 0.2738035130502487, 0.8
0.010594405745723456, 0.0072039412906175215, 0.0857500589861855, 0.26568979210594607, 0.8
0.015342251693265307, 0.00290581181574856, 0.08023826881176682, 0.27594439545495897, 0.8
0.02122011543040392, -0.003454549113646177, 0.0628397311377555, 0.3029137429183029, 0.8
0.01785599671302318, 0.004366441802488019, 0.011830894479789534, 0.3228188121377264, 0.8
0.021234387783865216, -0.001694269525549963, 0.008634946549511505, 0.36046510111336705, 0.7656315538934285
0.012116443253967546, 0.007157553502413094, 0.05526904212709505, 0.3784948841557698, 0.7362139281096889
0.011220377133032589, 0.00199966375567584, 0.08218640564429487, 0.4, 0.64197878859519
-0.003222910558895009, 0.009791674607283696, 0.12903782795206573, 0.4, 0.5794458708424697
-0.007718711433054359, 0.0020789602139230645, 0.1368105021217233, 0.4, 0.46757544720092964
-0.010662828007006908, -0.007125920715423284, 0.13581244118130165, 0.4, 0.37341649707742425
-0.010413696261571737, -0.017820554507415487, 0.12086876470627538, 0.4, 0.2953113105391498
-0.007251206450806347, -0.028819117518931403, 0.09586888794231968, 0.4, 0.23073568252593213
-0.0009744527323758412, -0.03955420571723023, 0.06318485545694097, 0.4, 0.17705534160471592
-0.012086981377214645, -0.03503791730603556, 0.030948103608575726, 0.4, 0.15353742291104236
-0.0016654683716916807, -0.043405125457467886, 0.006932658105654354, 0.4, 0.11180592943466347
-0.010138797586017656, -0.03621882322946757, 0.038781930016848695, 0.4, 0.09312412418026593
0.0033058790817586114, -0.041648371580162546, 0.06881702995504367, 0.4, 0.05911723122314492
-0.0037014238924206744, -0.03135494525200233, 0.0899771998379996, 0.4, 0.04344549353375924
-0.010182315972065759, -0.02006971515831868, 0.10706190998029481, 0.4, 0.028459109169904517
-0.01671503052651424, -0.007594245819111833, 0.11640191933935803, 0.4, 0.015014562911126156
-0.0017149876483224524, -0.008805545178154794, 0.11903023648640482, 0.4, -0.012696898019206287
-0.00830503286931128, 0.004297407973016476, 0.11562012397605742, 0.4, -0.027067715635992723
0.006383870757801002, 0.0026579807206426054, 0.10428408276802882, 0.4, -0.05349787368908828
-0.0004078563973948235, 0.014354163518982332, 0.0893714393200796, 0.4, -0.06661102851717725
0.013199739897285845, 0.010798730483447372, 0.06744842696201536, 0.4, -0.09278293074806847
0.005167000156346191, 0.02065303062263979, 0.04662040365103948, 0.4, -0.10584040579938599
0.01635071883245187, 0.015249520349092549, 0.019979331957208128, 0.4, -0.13170115021864637
0.006292809858798432, 0.023471714158284307, 0.00067545536425375, 0.4, -0.1443291532804038
0.01410909065622823, 0.016878455340097354, 0.025590416506667078, 0.4, -0.16823813940684004
0.0017684888489490902, 0.02412295179591606, 0.04126059556484702, 0.4, -0.1790769975544542
0.00608693718405684, 0.017036698010151063, 0.06016850721166924, 0.4, -0.19699527299835645
0.008532902317513358, 0.009919545329934998, 0.07576573116900145, 0.4, -0.20715865237036343
0.008812406560035235, 0.003372672169949631, 0.08407423022726293, 0.4, -0.20549802576167037
0.007402100928065369, -0.0022848303248110824, 0.08484307587090198, 0.4, -0.18739733911453507
0.005425928276953318, -0.007306485570272692, 0.07909223152489159, 0.4, -0.14847378010911952
-0.01091239191012816, 0.0025878543488762062, 0.06394935611240017, 0.4, -0.12019607519645258
-0.012159878481042163, -0.0010168342823400067, 0.04962262786605914, 0.4, -0.04366397709024031
-0.0017038770900961175, -0.014986182441753648, 0.031075764534064562, 0.4, 0.04992637518682384
-0.004743063346357879, -0.013977187631144972, 0.014227815607837853, 0.4, 0.08152356175889039
-0.00704410598168792, -0.012420169229093503, 0.001236770360941472, 0.4, 0.11900606132894527
-0.008727447546119205, -0.010223063244715114, 0.01648128900026306, 0.4, 0.15421161891898286
-0.009974362984062957, -0.007334332358526652, 0.029525578878998114, 0.4, 0.18702991226460042
-0.010743626611615653, -0.004015672076326915, 0.0407845490364752, 0.4, 0.21730639810781938
-0.011393851080269801, -6.277070831028908e-05, 0.0487768584307361, 0.4, 0.24484894889958186
0.002073632373501333, -0.0069608495319908315, 0.06091589156510435, 0.4, 0.2805588680408433
0.0018493243990711505, -0.0022938867318025302, 0.06176463889750922, 0.4, 0.3003051302596364
0.0015467381325851015, 0.0021529741258783375, 0.05715951119119136, 0.4, 0.3165695072273363
0.0012963635421572306, 0.005994380702267321, 0.04975175332673086, 0.4, 0.32920127340083377
0.0011204027202444955, 0.008976162956239264, 0.03918916484995675, 0.4, 0.33811576226361156
0.0008198808127493074, 0.011149655738124764, 0.026783925371489024, 0.4, 0.3433095683558606
0.0005591627112222497, 0.012379229341309639, 0.013483889914951294, 0.4, 0.3448690913417659
0.00019654361922327723, 0.012660871857647749, 0.0007838950226966737, 0.4, 0.3429712884584675
-0.00020837322009858994, 0.012032477835917987, 0.013709583543787589, 0.4, 0.3378765692002756
-0.0004997521826850537, 0.010520476551167057, 0.026370929681021556, 0.4, 0.329914778802333
-0.0008106659768489788, 0.00825799887215073, 0.036507175330595214, 0.4, 0.31946624640851085
-0.0009962346414247314, 0.005415677937204322, 0.04293251688636673, 0.4, 0.30694025072053543
-0.0008806802618066545, 0.002124791523632652, 0.047792400776758455, 0.4, 0.29275336382478145
-0.0004026992259629214, -0.0014302568123074622, 0.04784157106379302, 0.4, 0.27730980361736296
0.0009216670508611635, -0.00501645088771685, 0.044109918279709455, 0.4, 0.260985279157702
0.0034092949489348268, -0.008466031293647092, 0.03763121084212124, 0.4, 0.2441151245241182
0.0069924686300220085, -0.011499448914646493, 0.027677145015934837, 0.4, 0.22698685929589688
-0.010030269552801618, -0.010157470101452404, 0.023354531287966218, 0.4, 0.21840179861888565
-0.004887893747651972, -0.01230573029752513, 0.01064917563874112, 0.4, 0.20131330137707365
0.001073418303917606, -0.013631415995897456, 0.002606216322512407, 0.4, 0.18446183084669876
0.007829276403183538, -0.014123345108830954, 0.014922407810170473, 0.4, 0.16796026338375833
-0.007670299466660202, -0.011505698991782332, 0.021328420828943807, 0.4, 0.1598641413455228
-4.199085630962607e-05, -0.010764011356048542, 0.031705174582249224, 0.4, 0.1440068656293345
0.008158964324338935, -0.00937121791448181, 0.039457086768350934, 0.4, 0.12860528116463893
-0.007161962040484804, -0.005999974830666943, 0.04032688254537181, 0.4, 0.1210715576266297
0.0013832043765020785, -0.0039927259095966505, 0.043232406735227644, 0.4, 0.10631555171750091
0.010583075630682393, -0.0017941280098696666, 0.0438351999347654, 0.4, 0.0919266497545492
-0.004269299230110102, 0.001166673993249212, 0.037701859703759326, 0.4, 0.08484653321257381
0.005829326564323001, 0.002995548272624049, 0.032972479658842015, 0.4, 0.07085673080417351
-0.008320336918354876, 0.004977712230499698, 0.024429289933236502, 0.4, 0.06391990074532815
0.0025512847220494628, 0.006040231667510554, 0.01726785423062226, 0.4, 0.05008482780401878
-0.011306423130714949, 0.006887701430910553, 0.00774728912725291, 0.4, 0.04315153450433852
5.503606527157423e-05, 0.007010324199389295, 0.0001644384242992747, 0.4, 0.029154923224338176
0.011437578735021825, 0.006722110423498684, 3.9922829438620386, 0.37404881137159307, 0.014907264259198355
-0.0018630069127287818, 0.005972215761403277, 3.982000193382846, 0.3460860743159519, 0.010846491115207533
-0.011770275848523748, 0.004796030306522425, 3.975566388737685, 0.3155907496149309, 0.009890754109380982
-0.007219417814215036, -2.8198690194981764e-05, 0.0011392670094802278, 0.1698656549288464, 0.02207653894798831
0.00482286217058462, 2.5401418950478648e-05, 0.0031064866943705865, 0.20804245493833087, 0.05271771244834758
0.003907843735132754, -3.3554794783070016e-05, 0.004809319617862127, 0.24022821365568023, 0.0888344935354716
0.0058944989342000625, -3.054859574479034e-05, 0.00300439759308873, 0.26858721707414235, 0.12870548667936957
-0.005078573703027334, -0.0004934670372605532, 0.009940507692269746, 0.31782048254288126, 0.21515014449484318
0.004773580015396073, -0.0002567364431706465, 0.01202790042479563, 0.3397889667158372, 0.2599877786498328
-0.001033351566121693, -0.0013813239816538097, 0.025842658387536483, 0.3799897183649207, 0.34936736727947226
-0.003420331900377077, -0.0027976835147051618, 0.03051801942251882, 0.4, 0.4172036162934926
-0.0026504131919533325, -0.00416776492120363, 0.03475444638226644, 0.4, 0.4538826200683128
-0.0011215514507926239, -0.005653758501265068, 0.032796943931932755, 0.4, 0.47761259419852686
0.0005738120770150124, -0.006554746636460294, 0.02231062786047417, 0.4, 0.48868930668900107
0.0016754670510786829, -0.0068690074170646084, 0.011577274177416491, 0.4, 0.4879789751706344
0.0021038990571307647, -0.0066740333064828905, 0.00020517561212973987, 0.4, 0.47688471189654574
0.0017453673868020325, -0.006011180838011013, 0.010616076275911589, 0.4, 0.4572091956543824
0.0007060635579864138, -0.005008104258896001, 0.019402372697644416, 0.4, 0.43095632660252015
-0.0010332924343663397, -0.003924513588096146, 0.026682652547338665, 0.4, 0.4001245236639843
-0.0034961641885000727, -0.0028827302990362125, 0.03091895233584901, 0.4, 0.3665354497812473
-0.0065815274551316305, -0.001999862585278317, 0.03194931408508715, 0.4, 0.331722010701675
-0.01051405660114213, -0.0018156980990826077, 0.030569332720145212, 0.4, 0.29687873238387913
0.0027004427190749913, 0.009827460630219248, 0.03494576378976274, 0.4, 0.27972625261930534
-0.002598401693810759, 0.008786337422356488, 0.027195231375328616, 0.4, 0.2463499357956766
-0.008435183808019664, 0.006498795538118635, 0.018348138254900594, 0.4, 0.21453771896879642
-0.014472701481447858, 0.003093229802691555, 0.008069469638877993, 0.4, 0.18449129537598824
-0.0026204319810995136, 0.013349312509302491, 0.0027273472675484, 0.4, 0.17014600848703001
-0.0088194125653841, 0.008205789191531143, 0.008258032554616938, 0.4, 0.1427722605841938
-0.014858157864266586, 0.002128534900260548, 0.018344920694611504, 0.4, 0.1170347950696931
-0.0028345121043443777, 0.011148183840368864, 0.023689704205665883, 0.4, 0.10471927662691648
-0.008586162424188193, 0.0038836707880646193, 0.03073211278810735, 0.4, 0.08104848144400335
0.0038326347132127125, 0.012608694543574439, 0.03340438148440561, 0.4, 0.06962889396246877
-0.0016685998184615691, 0.004688328999392255, 0.036236274883106934, 0.4, 0.0474511094806828
-0.006992946304336667, -0.0033319743771274, 0.03629845717731522, 0.4, 0.025936673843901678
0.0055267701632163435, 0.005407089893746386, 0.03383680956343099, 0.4, 0.015379889636667712
-0.00022205241863493264, -0.0026864378318244286, 0.02939296156867362, 0.4, -0.01340347503816946
-0.006206303132195057, -0.01058352070797286, 0.02351009183720574, 0.4, -0.02699392514359855
0.005424590478602331, -0.0015542347797412592, 0.017948928340761332, 0.4, -0.03771252406159579
-0.0010992603376664967, -0.008830465128385812, 0.00936811523622504, 0.4, -0.059577785974803996
0.01020549253799996, 0.0008764757674937229, 0.004041969198552113, 0.4, -0.07079626689301809
0.003427002299288162, -0.005349824893065125, 0.0048822316299000105, 0.4, -0.09398000022133413
-0.0032702240880975175, -0.010667128108549528, 0.01349630518257604, 0.4, -0.11838111967225545
0.008165008259273021, 0.00023642457665751238, 0.015058673422457265, 0.4, -0.1311153745944865
0.0018848170407193, -0.0037861232464281303, 0.02170009375194814, 0.4, -0.1577844621400256
-0.003955381295782878, -0.006799925511931426, 0.02689072541747544, 0.4, -0.1861887562221076
0.008543801191852829, 0.004789487541337345, 0.023114412533297216, 0.4, -0.20107253902616054
0.0036896768597900476, 0.0027171385719610974, 0.02550166321396456, 0.4, -0.23220321004410002
-0.0006382151790020885, 0.0013181776110487986, 0.026823358316723087, 0.4, -0.2650383135344974
-0.00448268490585213, 0.0003961883179181003, 0.02657239344436381, 0.4, -0.2992649227778409
-0.007542312214838365, -2.8854398724909025e-05, 0.024246615879080356, 0.4, -0.33431671205350216
-0.00991393381729333, -0.00012451840301541672, 0.021307152236100028, 0.4, -0.3693218784212341
-0.011365372823842756, 9.29311690822665e-06, 0.01629686255276129, 0.4, -0.40306843051997293
-0.01187578583075899, 0.0002516246228203567, 0.010703961550444202, 0.4, -0.4340040848926835
-0.011528504741665557, 0.0004801880330763675, 0.00454401220396685, 0.4, -0.46028835025444076
-0.010220308044037063, 0.000595932592307169, 0.0019252196684772232, 0.4, -0.4799079485260981
-0.008154169660226085, 0.0005095918009199174, 0.007297041261546997, 0.4, -0.49085181854897914
-0.005356332909602024, 0.00015125011516348152, 0.013480942597015518, 0.4, -0.49132076962901483
-0.0019349725040307408, -0.0005414751832066855, 0.018060283940242578, 0.4, -0.47992681044033897
0.0019722422714798515, -0.0015403929498516433, 0.021784732921479876, 0.4, -0.45582874654892025
0.005942351973798665, -0.0028653441688865078, 0.025027296626822754, 0.4, -0.4187614508211534
-0.008309828306517053, -0.005799863652022452, 0.016704146567125426, 0.4, -0.3394117089453388
-0.004666573252878337, -0.00697924414602602, 0.018162897002270934, 0.4, -0.27146533061325945
-0.001311198710780337, -0.008223993996168244, 0.018480381510234865, 0.4, -0.19209351520337328
0.0017368700400683945, -0.009399651069786796, 0.016647334388473132, 0.4, -0.10155406976958728
0.004579478145535276, -0.010393074784237788, 0.01440118121988322, 0.4, 0.03247949875552825
0.006742146427412443, -0.01109075257456904, 0.008797345726892159, 0.4, 0.08396443856622389
0.008889042540092706, -0.01126421944660394, 0.0012233799024292484, 0.4, 0.16165945553897554
-0.007340973717018251, -0.011640080727566726, 0.002566849199429656, 0.4, 0.26563936331488236
-0.0055201632875414575, -0.011210744508725834, 0.005821932966080947, 0.4, 0.3257907684269708
-0.003783280408922618, -0.010121476983236843, 0.015195341328768801, 0.4, 0.3776720768605602
-0.0022149728241576128, -0.00841552613694252, 0.02343162630880956, 0.4, 0.42035457426584183
-0.0008405648566851553, -0.006117619292723253, 0.03120212309773316, 0.4, 0.4529771463091911
0.0003352578868027756, -0.0033410093910917205, 0.03615029368055615, 0.4, 0.4749335930301322
0.0012604605578747652, -0.00026541057136664215, 0.039299627033805205, 0.4, 0.4860376189201306
0.001628292240010154, 0.00289927136543211, 0.04025337531011573, 0.4, 0.48662448015446375
0.0012428306971252745, 0.005815324160968638, 0.03814901270695518, 0.4, 0.47756219679656564
-2.708268544981962e-05, 0.008154047294802513, 0.03413261624026674, 0.4, 0.46016962717031923
-0.002202725559281582, 0.009701512173336146, 0.027373238555527347, 0.4, 0.4360642376125064
-0.005019941838829034, 0.01029369263655533, 0.0185462734264452, 0.4, 0.40697870602222874
-0.008491578265292787, 0.009679669434643268, 0.009022505283424548, 0.4, 0.3745871394899756
-0.01248796110272865, 0.007875988266295098, 0.0021026984576759246, 0.4, 0.34037072262180623
0.0014119173362581172, 0.017303947242403694, 0.002777749662514523, 0.4, 0.3229670925019977
-0.0032945628102378777, 0.013749635610051936, 0.014593534484573747, 0.4, 0.28817976480409685
-0.008160053044689697, 0.008955067758092516, 0.025146914867916474, 0.4, 0.25401041645577077
-0.013112613220821245, 0.003010142006745209, 0.03434392102660197, 0.4, 0.22092101386904375
-6.84916491162646e-05, 0.011429098681733363, 0.03327050512399647, 0.4, 0.20485653604799695
-0.005319838518226483, 0.00427212351506534, 0.03840052696848015, 0.4, 0.17372085867015433
-0.010803003630774466, -0.0037544952034092027, 0.04158602407661232, 0.4, 0.1438220938485983
0.001666841421116061, 0.004642701952648043, 0.036166865925402095, 0.4, 0.12926761558924368
-0.004454880667505545, -0.003972889351316677, 0.034515120778987975, 0.4, 0.10073620514776602
0.007028445761611657, 0.004536792844324067, 0.02756939384334392, 0.4, 0.08665079204150827
-0.00018512151964111823, -0.004549170696869886, 0.022165980228102546, 0.4, 0.05851071439924005
0.010305794896251719, 0.004309775662648674, 0.014590943978114411, 0.4, 0.04429922013116776
0.0021452990968118257, -0.004718212351038531, 0.007132371798479831, 0.4, 0.015307056655418677
-0.00023780980163579102, -0.00739342900374762, 0.00099727224780968, 0.4, 0.039980338365707795
0.003200319237319782, -0.003811554755312807, 0.0024042998569951965, 0.4, 0.07446086451826193
0.0064334060997675024, -3.437624092605951e-05, 0.005804546696706133, 0.4, 0.11921173740315154
-0.002325309766191719, -0.008586330863755043, 0.003005239658124093, 0.4, 0.17904288609191835
0.0007196490642824571, -0.004657835808514532, 0.0059726985909297065, 0.4, 0.21404835045610773
0.003481568584951411, -0.0005208012880526525, 0.009849038180633781, 0.4, 0.24507451211666137
0.005988931540050313, 0.003830402024453061, 0.012619430541314256, 0.4, 0.27202846038831147
-0.002426145161651405, -0.005275227005820948, 0.007623218116084275, 0.4, 0.30462203764499596
-0.000215892296880682, -0.0009834283062997162, 0.009702303094884457, 0.4, 0.32103652534955357
0.0017788269312815075, 0.0034791301972234567, 0.011808179516147491, 0.4, 0.33319609203754724
0.003388477378057697, 0.007886786071975793, 0.013900011996872123, 0.4, 0.34117811227874
-0.004362236241877593, -0.0031074896047047496, 0.004853346811651797, 0.4, 0.345689743213341
-0.002985692554366093, 0.0005967462488414288, 0.0054423379323573825, 0.4, 0.3441049168665564
-0.0019960607548656917, 0.003908082930315082, 0.00559748214606469, 0.4, 0.3392457206000471
-0.0012305720022562916, 0.006941722957074958, 0.004984037717094139, 0.4, 0.33151626438375076
-0.0006728094739623103, 0.009545612648911739, 0.003851516042998333, 0.4, 0.32135362077805835
-0.00032324759693880267, 0.011666149448875895, 0.002376339391075277, 0.4, 0.3092068437481754
-0.006383235675938348, -0.004547733132503673, 0.008188371003209693, 0.4, 0.2882256806240843
-0.00580953244028759, -0.003785223188097042, 0.009833562690995112, 0.4, 0.27299286849570803
-0.005291531803103489, -0.003434317557541089, 0.010974784117074707, 0.4, 0.2571879919216027
-0.004815351149318747, -0.0035521322320435367, 0.012583368722091986, 0.4, 0.2411216120874258
-0.00438818129115548, -0.004248783857867089, 0.013405125075720774, 0.4, 0.22505425441644608
-0.00398462023030044, -0.005364016828215412, 0.013844277050077758, 0.4, 0.20919725765099637
-0.0036096183024292294, -0.007016501677586273, 0.014796746956588742, 0.4, 0.19371593641972176
0.0003505806134427303, 0.011483172692445809, 0.008283847062205354, 0.4, 0.18615635927457327
0.00029596444674240274, 0.00916772582774561, 0.008662482570574996, 0.4, 0.17145953184165622
0.00023786379532797497, 0.006291743897755886, 0.008570355222245895, 0.4, 0.1573827779609486
0.00013278805315630748, 0.002886542673262049, 0.007628788546556053, 0.4, 0.14397104811122732
-1.6798899294734326e-05, -0.0010806934699343351, 0.007337338916245026, 0.4, 0.13124736351622385
-0.00020154495022195462, -0.005586909099893234, 0.0059766821393829545, 0.4, 0.11921772883449115
-0.00045120952059773956, -0.01058027169243081, 0.004861186765994594, 0.4, 0.1078754491544289
0.0009943229185509495, 0.006576585554592729, 0.0005928490899894396, 0.4, 0.102457425567798
0.00047608299661705544, 0.0009780137153159174, 0.0006257685861259986, 0.4, 0.09211480143030983
-4.5514074403119054e-05, -0.005003528522981693, 0.0006971827950338263, 0.4, 0.08241005895205532
-0.0005199699062603536, -0.01130687108569095, 0.0010361496235851322, 0.4, 0.07331741251777957
1.7912771848038744e-06, 0.0053306727037600865, 0.0036412107982604944, 0.4, 0.0689924245225887
-0.0005397762404419915, -0.0014568973651907235, 0.002651483397038165, 0.4, 0.060769197953509234
-0.0010015760179338251, -0.008564002440642593, 0.002324951654669505, 0.4, 0.05309521503518115
-0.0007852654456721453, 0.007672473143782721, 0.0029759216575414816, 0.4, 0.04945745123413423
-0.0011649585434585497, 0.00015259063477168766, 0.0015594182769561023, 0.4, 0.04256884110419611
-0.0014421428333881714, -0.007665046632281403, 0.0007586944004297897, 0.4, 0.03618378943175142
-0.0012618916511129008, 0.00824748395947461, 5.430122107796748e-05, 0.4, 0.03317656377681717
-0.0013678013762437047, 0.00016736096058123096, 0.001114717817000123, 0.4, 0.027776572086766833
-0.001380766851933224, -0.008120557029810183, 0.0024943334236441793, 0.4, 0.023196170489099027
-0.0011210914165311614, 0.007685377490604051, 0.0029843644447062013, 0.4, 0.020908674927020577
-0.00099197045270083, -0.0007028518097298431, 0.0033885353949907266, 0.4, 0.01645085712514793
-0.0008008340455742946, -0.009197686011276573, 0.004452766585880695, 0.4, 0.014648365291405417
-0.0004997161253603721, 0.006564830109291098, 0.0042480720289280694, 0.4, 0.014411668071607802
-0.00027980726905241227, -0.0019656138287587055, 0.004036999344204143, 0.4, 0.014005940528422153
-4.129133638519633e-05, -0.010500393831482047, 0.003869477882785463, 0.4, 0.013686532707959295
0.00016154565164239187, 0.005184620037662846, 0.002546461708510808, 0.4, 0.013557948890413684
0.00028194510041368304, -0.0034676388703820393, 0.0018687861533384681, 0.4, 0.013361161346891186
0.00036379502090744253, -0.012045731526743708, 0.000892257449914531, 0.4, 0.013243369773123159
0.000357225789293647, 0.003584645099180772, 0.0006931040083306615, 0.4, 0.013213857008034069
0.00030582636810194685, 0.004945207083026482, 0.0037904593014977876, 0.4, 0.19666740523152934
0.0011067125767931785, 0.002177623417011887, 0.034216040229849615, 0.4, 0.6976374138813054
0.004247841086589599, -0.0019470244182149266, 0.0739686131896848, 0.3067780079688923, 0.8
0.006535411459717366, 0.005960054039186868, 0.08136390951884324, 0.2738035130502487, 0.8
0.009863295315980292, 0.0073355904097520686, 0.095046983582434, 0.26568979210594607, 0.8
0.015028096387649015, 0.0056516416842100625, 0.10673562006447199, 0.27594439545495897, 0.8
0.02137160413071859, 0.0010388198905344481, 0.0991872917043736, 0.3029137429183029, 0.8
0.019392505494025603, 0.00925139595248936, 0.04806189588292355, 0.3228188121377264, 0.8
0.02421448589413311, 0.0035893815456873313, 0.020683202365734933, 0.36046510111336705, 0.7656315538934285
0.0164531466372142, 0.012627244316615549, 0.03530205907481324, 0.3784948841557698, 0.7362139281096889
0.01737358914746956, 0.007364597778246829, 0.06876534371221545, 0.4, 0.64197878859519
0.017675146644796413, 0.0005240939214639084, 0.10934361697952306, 0.4, 0.5212597179505521
4.9586582664851164e-05, 0.006637552847577499, 0.1413847637820317, 0.4, 0.46757544720092964
-0.0031030286334146062, -0.002786701577039974, 0.1417798302122255, 0.4, 0.37341649707742425
-0.0037279836464332305, -0.013663848930256517, 0.13392882824552332, 0.4, 0.2953113105391498
-0.0017973583232366863, -0.025152979949958798, 0.11744434109653484, 0.4, 0.23073568252593213
-0.015771831533278213, -0.022572073991100616, 0.09503871160938712, 0.4, 0.2026912259249927
-0.008747909567979217, -0.03349913046864339, 0.06055290658875496, 0.4, 0.15353742291104236
0.0006064755798238508, -0.04330743684408267, 0.024445881373825612, 0.4, 0.11180592943466347
-0.008763993886473198, -0.03754828482633821, 0.00865619721869447, 0.4, 0.09312412418026593
-0.017212324986476624, -0.030194810728526367, 0.04000917144169035, 0.4, 0.07562200918323195
-0.003382512009066918, -0.035754144645192554, 0.0708610965747314, 0.4, 0.04344549353375924
-0.010169816220501726, -0.025502151844726484, 0.09254490388856697, 0.4, 0.028459109169904517
-0.016815085294949572, -0.013898091532406731, 0.10740379360873104, 0.4, 0.015014562911126156
-0.0014997659798337004, -0.01587067961271238, 0.11811437525826837, 0.4, -0.012696898019206287
-0.00808516591695918, -0.0025992771161389427, 0.12015830343370833, 0.4, -0.027067715635992723
0.00648979047707865, -0.003547852450340727, 0.11314001693274647, 0.4, -0.05349787368908828
-0.00017667177397528988, 0.00894079193957431, 0.10210524892786557, 0.4, -0.06661102851717725
0.013736878460791857, 0.006241550725946787, 0.08272748707924388, 0.4, -0.09278293074806847
0.006190162129631638, 0.016957221317875693, 0.06378692210590774, 0.4, -0.10584040579938599
-0.0019663858837279946, 0.026690470147328504, 0.042844647366376144, 0.4, -0.11883633912415933
0.008500508166457532, 0.021466788002420856, 0.01660920618777581, 0.4, -0.1443291532804038
-0.0018575075502011984, 0.029865560111763223, 0.0030305017662603734, 0.4, -0.15657303311832804
0.0053841160422343215, 0.02340314641823582, 0.027995698521632584, 0.4, -0.1790769975544542
0.010376069294223189, 0.016687594446351817, 0.050033585493447386, 0.4, -0.19699527299835645
0.013394069021944954, 0.009823407597603584, 0.06825485893768457, 0.4, -0.20715865237036343
0.014185219233539659, 0.0033676266891351503, 0.07980977185916556, 0.4, -0.20549802576167037
-0.0023043019069910464, 0.011920116310994544, 0.07748343658765038, 0.4, -0.19879450887140213
-0.0038070014112743245, 0.006904404429158184, 0.07785395134085844, 0.4, -0.17077206195899705
-0.0059056588755384, 0.0025380816954241325, 0.07231889879362133, 0.4, -0.12019607519645258
-0.007834777945705529, -0.001312375181363734, 0.06089423923695209, 0.4, -0.04366397709024031
-0.010728738828973405, -0.003069106788792908, 0.046006731533065046, 0.4, 0.03633329997834821
-0.001819794832118582, -0.015235980436203, 0.02915739969893434, 0.4, 0.08152356175889039
-0.004749005786570226, -0.014301514318810327, 0.01314465040280147, 0.4, 0.11900606132894527
-0.007013742987771909, -0.01274997587783222, 0.0024726380879337003, 0.4, 0.15421161891898286
-0.00873935323880115, -0.010521602736386804, 0.016996861347883155, 0.4, 0.18702991226460042
-0.009876359705787596, -0.007806170967981529, 0.030112021943052108, 0.4, 0.21730639810781938
-0.010778373485672788, -0.004424733646833268, 0.04046804858580771, 0.4, 0.24484894889958186
-0.011440895604710732, -0.0006022415497630718, 0.04797106384933212, 0.4, 0.2694403660743545
0.0023381520475620476, -0.0073599163122324285, 0.060952729803586125, 0.4, 0.3003051302596364
0.0019308071651731318, -0.0026892691415083547, 0.060656340164122455, 0.4, 0.3165695072273363
0.001599253549404711, 0.0016451845059943793, 0.05712540461211026, 0.4, 0.32920127340083377
0.0014529868296375703, 0.00526495371259994, 0.04912505022026674, 0.4, 0.33811576226361156
0.0013313603061586576, 0.008127047771968599, 0.03924319333356184, 0.4, 0.3433095683558606
0.0012660906419523776, 0.010132609230761425, 0.027237825439972482, 0.4, 0.3448690913417659
0.0012029892491205452, 0.011217323985533767, 0.013629777987686774, 0.4, 0.3429712884584675
0.0011731709930793421, 0.011380231375033745, 0.0007499053521831185, 0.4, 0.3378765692002756
0.0012358613055531986, 0.01064412841047968, 0.012671102685520772, 0.4, 0.329914778802333
0.0013922262819354714, 0.009061139423170772, 0.023966289489169037, 0.4, 0.31946624640851085
0.001618880394377742, 0.006820741514571793, 0.03288005069088706, 0.4, 0.30694025072053543
0.0021716638279700717, 0.003979419141405316, 0.040273226028308726, 0.4, 0.29275336382478145
0.002920002249796383, 0.0007644772366415253, 0.043101979593076045, 0.4, 0.27730980361736296
0.004095197787777227, -0.0025934497711919136, 0.042558432136758875, 0.4, 0.260985279157702
0.006252848922068566, -0.005992193666985557, 0.03948968413073756, 0.4, 0.2441151245241182
-0.011601659658424968, -0.004988209997579318, 0.040368124635858565, 0.4, 0.23556727200110658
-0.007821148684564294, -0.008183988275970222, 0.031031171872428393, 0.4, 0.21840179861888565
-0.002896008032026609, -0.010827868615455927, 0.020115740766673898, 0.4, 0.20131330137707365
0.0028683636343014296, -0.0127461890990066, 0.007994528860615913, 0.4, 0.18446183084669876
0.009563516681273976, -0.013874621332917059, 0.004819322553507379, 0.4, 0.16796026338375833
-0.006043879570657662, -0.0118658426578504, 0.011078089535573038, 0.4, 0.1598641413455228
0.0015796792944449134, -0.011729947707307176, 0.022356973886547456, 0.4, 0.1440068656293345
0.009942319712991754, -0.010855885261194409, 0.03246069300901026, 0.4, 0.12860528116463893
-0.005295041306629944, -0.007888403507995356, 0.03485497381812801, 0.4, 0.1210715576266297
0.003408730788346359, -0.0061694786376129684, 0.039938710470764534, 0.4, 0.10631555171750091
-0.011755607123657308, -0.0031208819636292517, 0.03879855088508405, 0.4, 0.09907953977225832
-0.002628584615984808, -0.001119422948182347, 0.03916274662250003, 0.4, 0.08484653321257381
0.00710416824365967, 0.0009527683177132928, 0.037851462305692876, 0.4, 0.07085673080417351
-0.007257226501120817, 0.003284991482416899, 0.030401117676472373, 0.4, 0.06391990074532815
0.003493215678128214, 0.004756317485304251, 0.024305936555574042, 0.4, 0.05008482780401878
-0.010402979057074768, 0.006080333622111134, 0.01580358284612351, 0.4, 0.04315153450433852
0.0009282809297073147, 0.006700779174381388, 0.00787197277504904, 0.4, 0.029154923224338176
0.012415055375619266, 0.006900158555410485, 0.000465749366884546, 0.37404881137159307, 0.014907264259198355
-0.0006734888425803387, 0.0065449521611800066, 3.9861248325288106, 0.3460860743159519, 0.010846491115207533
-0.010556479121681672, 0.0055517374383429186, 3.9779066469307063, 0.3155907496149309, 0.009890754109380982
-0.0027499876218807576, -0.00035004486317809425, 0.030901267249384322, 0.17002994704038016, 0.021897273496907562
0.0034884481594191705, -0.0022652691385518725, 0.07046224022234734, 0.20824366599275113, 0.05228882043805856
0.0019065449569619641, -0.003999247438732817, 0.06120349244608573, 0.2404605324286847, 0.08811043275922768
0.003935950233380572, -0.005562361984774015, 0.04717916990590322, 0.2688469050921768, 0.1276547546399531
-0.008491170824278457, -0.007653269072109986, 0.05070033843488897, 0.3181274304589736, 0.21339087888358255
-0.0010663245688371792, -0.00919704475193716, 0.05810364309259066, 0.3401167776295543, 0.25786302310653025
-0.008261631582324486, -0.012384495619080643, 0.06378597606099769, 0.3803549552636474, 0.34652686580269587
0.006036713576127506, -0.013414986291166737, 0.0464144610365523, 0.3989940407934982, 0.38950953006881406
0.0043418288387381265, -0.01589067911343906, 0.04843985596322285, 0.4, 0.43327154925872374
0.004944578907808195, -0.01784155793992294, 0.030945246073528335, 0.4, 0.46331050888535263
0.005105959748310296, -0.019078111277981678, 0.008564952345364172, 0.4, 0.48064573417880374
0.004593128180963024, -0.018637884266628244, 0.014028312623793449, 0.4, 0.48584254054271103
0.003463644959010803, -0.0170736265184162, 0.0350695969250364, 0.4, 0.4800209727987045
0.0013317700226815887, -0.014759200756437267, 0.0550805383809874, 0.4, 0.4647703272466866
-0.0012867718544161688, -0.011352988687463747, 0.06925486610851013, 0.4, 0.44198073597578363
-0.0044534106212954505, -0.0074401571277780965, 0.0769869152719794, 0.4, 0.41364017386779367
-0.008469506193334253, -0.0036309319317718164, 0.08112998826215223, 0.4, 0.3816455623835338
-0.013122732409407534, -0.00015640874386482762, 0.07847695439701305, 0.4, 0.3476617883513739
-0.000929169504080285, 0.013106057813460859, 0.07804145411087605, 0.4, 0.3303599092696232
-0.007338592707399227, 0.014431427215431558, 0.06337546597799794, 0.4, 0.2958239850930452
-0.01407801910053641, 0.014123148624726356, 0.044888384096576854, 0.4, 0.2620571306571437
-0.002926514445000694, 0.025193715408661194, 0.0314985649590798, 0.4, 0.24564672780057462
-0.009621333744412208, 0.022017040652844128, 0.00915977388255893, 0.4, 0.21400007980237565
-0.015983639758602286, 0.017145335057928868, 0.013725376751969057, 0.4, 0.184070662368644
-0.003935953197808706, 0.025508090180469678, 0.02851939539761759, 0.4, 0.16976770747785563
-0.009372476372971672, 0.018259933350254276, 0.047455602984252845, 0.4, 0.14245038317980427
-0.014247773409085784, 0.009831074432032072, 0.0632270091558493, 0.4, 0.11673681890725354
-0.0006780935835348778, 0.016554452045258017, 0.06896580527983089, 0.4, 0.10442281250766516
-0.004728306738124632, 0.007095448613461786, 0.07618228561071867, 0.4, 0.08073723127928044
-0.008327181008036533, -0.002612532430287473, 0.07759202271136799, 0.4, 0.05809513280862083
0.005611510045399837, 0.004058870453646335, 0.07079736220563372, 0.4, 0.04708081994554939
0.0009331605257509867, -0.005856828265397962, 0.06296421234676597, 0.4, 0.02551660345387026
0.013521210457292043, 0.0011700322523349738, 0.051040088982458036, 0.4, 0.014915055913533655
0.007404473077440521, -0.00821196501309851, 0.0370623830375005, 0.4, -0.013481529977301636
0.0006768244694488335, -0.01698315422254615, 0.02177038240955502, 0.4, -0.02762105951469159
0.011246277198680543, -0.008349084705137289, 0.006391014476297706, 0.4, -0.03838568201735789
0.003392350242644504, -0.015557033118988373, 0.009670486967596826, 0.4, -0.060347337759120254
0.013251963652908705, -0.005340737028089126, 0.021320240939068973, 0.4, -0.07161559507482651
0.00492660336704609, -0.010673788366389436, 0.035186130826354904, 0.4, -0.09490031156488982
0.014618059954546903, 0.0009505022450042588, 0.041169499454253376, 0.4, -0.10698315532696916
0.006673461421499827, -0.002442628728008711, 0.04918422354986122, 0.4, -0.13218407605379326
-0.000981750091558764, -0.004826014634719877, 0.054815206119451544, 0.4, -0.15894324911982352
-0.00810620412576446, -0.006357957356305621, 0.05604122402336538, 0.4, -0.1874232775383778
0.003083649167124891, 0.006272614829925471, 0.046579123436870006, 0.4, -0.20233707298141143
-0.0030281854827938215, 0.00479238204028265, 0.04204132683438879, 0.4, -0.23350612264555717
-0.008353219224992436, 0.003639927230951412, 0.03614421780902326, 0.4, -0.2663415752084305
-0.012897965228152453, 0.002657744672666662, 0.028844532624140544, 0.4, -0.30051838972098455
0.0015045084503910733, 0.012889013091593737, 0.00800444320459967, 0.4, -0.317940312629616
-0.0010018101545428149, 0.011238518265575759, 0.0005579836682030744, 0.4, -0.35295050377126586
-0.002396578257497506, 0.009733306422034071, 0.008633173140224949, 0.4, -0.3872736670486249
-0.002823912719375654, 0.008207329914413752, 0.01683463583909103, 0.4, -0.41952059616504195
-0.002248508123179116, 0.00663975694342811, 0.02362107847755994, 0.4, -0.44798880569904587
-0.0006600248967236766, 0.005017649928088508, 0.02961767298104447, 0.4, -0.47074829364282783
0.0015900991222621563, 0.003317386432262648, 0.034202321660056594, 0.4, -0.4857896347286471
0.0047384766935438805, 0.0014220366113313343, 0.03748892085812174, 0.4, -0.4912195209150344
0.00831366502727482, -0.0006351591582873795, 0.03885229036850971, 0.4, -0.4854676351943928
-0.006114648175751913, -0.005906530118661157, 0.026150314213583836, 0.4, -0.45366808627079863
-0.0025829621573396633, -0.007452157525675407, 0.02576005397290114, 0.4, -0.41647783408117245
0.0006651897667926399, -0.008982336585271367, 0.02309808214007763, 0.4, -0.3667086741806822
0.0037238907737136007, -0.010406567491085483, 0.020157074381582398, 0.4, -0.30488233761791683
0.006627254239183866, -0.011646756693722171, 0.01618960516905655, 0.4, -0.23156565832662906
-0.008852481711081328, -0.012714854885062743, 0.008285235371756579, 0.4, -0.10081305896540427
-0.006572143181613255, -0.013122267453366976, 0.002701302343673599, 0.4, 0.03238387982673866
-0.004435751025256174, -0.013040548244795724, 0.005320675644544848, 0.4, 0.08396443856622389
-0.0025744323408591896, -0.012344862617176378, 0.013147276729537964, 0.4, 0.16165945553897554
-0.0005724294731268564, -0.011113309331760357, 0.020645681192330182, 0.4, 0.2327287322889896
0.0013700018616060738, -0.009310464332797475, 0.028393237909911093, 0.4, 0.2966930314634954
0.0033313203717892925, -0.006971561918198144, 0.03425666120964908, 0.4, 0.35282265781129085
0.00535609336427445, -0.004186374459031583, 0.038811308870622896, 0.4, 0.40022077756272567
0.007160219499195097, -0.001188514073810376, 0.041977076112731215, 0.4, 0.4379693633565082
-0.009283338737022806, -0.0016997331448866948, 0.02906117029036346, 0.4, 0.4749335930301322
-0.0079786050475108, 0.0008373005854307447, 0.028088648019953012, 0.4, 0.4860376189201306
-0.007510728505144115, 0.0031655498697742424, 0.025961743273762945, 0.4, 0.48662448015446375
-0.007718402847662453, 0.00512334452517349, 0.02172166833037049, 0.4, 0.47756219679656564
-0.008730382176135087, 0.006405569969094804, 0.015435980242122699, 0.4, 0.46016962717031923
-0.010430079521509317, 0.006897245481105152, 0.008273273449410668, 0.4, 0.4360642376125064
-0.01268737850359436, 0.006477439674372976, 0.0004122871268391708, 0.4, 0.40697870602222874
0.0026483422218035457, 0.015526931109632436, 0.003217616043793942, 0.4, 0.3910978574195011
-0.0006741355186385967, 0.01387005291013077, 0.0065053707228897905, 0.4, 0.3576246038356313
-0.00440021683792402, 0.011032055001552799, 0.01670817273292532, 0.4, 0.3229670925019977
-0.008499613309771004, 0.007005044134112737, 0.024686586663548483, 0.4, 0.28817976480409685
-0.012820777607043254, 0.0019696900753862767, 0.031864127190299976, 0.4, 0.25401041645577077
0.0008507282458860566, 0.010633905991065395, 0.029222433354444237, 0.4, 0.23731204960839447
-0.004045493576419368, 0.004460187793059234, 0.03305902101974425, 0.4, 0.20485653604799695
-0.009231163990806035, -0.0025415584790664525, 0.035998511534175916, 0.4, 0.17372085867015433
0.003503911018517325, 0.00623374944562749, 0.030207027825413044, 0.4, 0.1586284085346488
-0.002493738213758867, -0.0015004980100614684, 0.028983097280180545, 0.4, 0.12926761558924368
0.009171435699792507, 0.007430039057691129, 0.02222728111366257, 0.4, 0.11492244744568202
0.0021260456485596713, -0.0008978649908686354, 0.018299197353370357, 0.4, 0.08665079204150827
-0.00546349144097702, -0.00956412624889258, 0.013449927897867388, 0.4, 0.05851071439924005
0.004754394620840596, -0.00024283171984973428, 0.00642003159207808, 0.4, 0.04429922013116776
-0.0036251387233874333, -0.008833444452849504, 0.00035851460345664445, 0.4, 0.015307056655418677
0.0059897276445814995, 0.0010060974695604852, 0.004701367988211671, 0.4, 0.020942149768323044
-0.002656495017606897, -0.007147782395088509, 0.005040962640894379, 0.4, 0.07446086451826193
0.0006381967969826263, -0.0032153625045299172, 0.005185784904347956, 0.4, 0.11921173740315154
0.003941550887527345, 0.000887892561239001, 0.006061948776736999, 0.4, 0.16007075800899015
-0.004476612647655198, -0.007594987092014671, 0.0016215867529077897, 0.4, 0.21404835045610773
-0.0013331358769752555, -0.003564656632660812, 0.0029854231602249653, 0.4, 0.24507451211666137
0.0016612301439180577, 0.0006664277246994921, 0.0050126535479304655, 0.4, 0.27202846038831147
0.004365052442904638, 0.004916741050135842, 0.006811092741425337, 0.4, 0.29481534962558803
-0.0034919494259404438, -0.004635837673679033, 8.916789221837056e-07, 0.4, 0.32103652534955357
-0.0009697340882222072, -0.0005052673953429565, 0.0017864981044791992, 0.4, 0.33319609203754724
0.0011530498893805863, 0.0035496827543985976, 0.004177160226792615, 0.4, 0.34117811227874
0.0029608963399549992, 0.007634067093302166, 0.0062688786027541915, 0.4, 0.34514198155632025
-0.0042139439751047725, -0.004131145135288117, 0.002529159125453587, 0.4, 0.3441049168665564
-0.0027438102063404024, -0.0008662034482280756, 0.0005926351701340367, 0.4, 0.3392457206000471
-0.0016196686230385282, 0.0021635118911891293, 0.00037866272916511825, 0.4, 0.33151626438375076
-0.0007946151112445676, 0.004836314079409432, 0.0010998518475954552, 0.4, 0.32135362077805835
-0.00026632975632612244, 0.007123822735173757, 0.001849933126493596, 0.4, 0.3092068437481754
2.2862094164910474e-05, 0.008961168489632687, 0.001238733225564875, 0.4, 0.29551731628553135
0.00013267764788249536, 0.010311095913945412, 0.0011151002231741627, 0.4, 0.2807021093850655
6.392574559610509e-05, 0.011126724612417593, 0.00020475380789056308, 0.4, 0.2651413646949605
-6.128492341650471e-05, 0.011480322100450469, 0.0010630636509469363, 0.4, 0.2491700310159323
-0.00027112613911262073, 0.011254826411566832, 0.001711383543216732, 0.4, 0.23307372182894542
-0.0005313427438000673, 0.010448441860269941, 0.003291026597840785, 0.4, 0.2170880992627175
-0.0007589064685022961, 0.00918096603155183, 0.004548435089889617, 0.4, 0.20140098265235348
-0.0010164095661400196, 0.007258769169183665, 0.005599746141473157, 0.4, 0.18615635927457327
-0.0012193685743051574, 0.004886563369563834, 0.006644187668940539, 0.4, 0.17145953184165622
-0.0013842927116138881, 0.002013405914745192, 0.0071216312565320836, 0.4, 0.1573827779609486
-0.0015421388082161869, -0.0014621796099674178, 0.007858045934883434, 0.4, 0.14397104811122732
-0.0016379715119363425, -0.005303325007018245, 0.008112393384938115, 0.4, 0.13124736351622385
-0.0017300349274012028, -0.00973422077638686, 0.008156782792875806, 0.4, 0.11921772883449115
0.00015387294128199613, 0.007690989528455372, 0.003962574168700954, 0.4, 0.11346147875938592
-0.000133989850986449, 0.002687374854829283, 0.003951741009897799, 0.4, 0.102457425567798
-0.0004067764327206902, -0.002894402418411879, 0.003834654786404745, 0.4, 0.09211480143030983
-0.000640724812534188, -0.008808201272708871, 0.003542309781010348, 0.4, 0.08241005895205532
0.00032156125315774275, 0.007978823523040024, 0.0007188889349496032, 0.4, 0.07778886875418692
-3.735995607812015e-05, 0.0014704727212575541, 0.0005921544537289336, 0.4, 0.0689924245225887
-0.00034370528389038313, -0.005266582157762212, 0.0005739962066442682, 0.4, 0.060769197953509234
0.00013904538177111903, 0.01113173804914469, 0.0012128609113963953, 0.4, 0.0568649492021539
-0.00020952951488784066, 0.003917827438917776, 0.0010220835417942753, 0.4, 0.04945745123413423
-0.00048497064434238624, -0.003516566731426085, 0.0004401158312512541, 0.4, 0.04256884110419611
-0.0006983375162046279, -0.011291283510899586, 9.400903410057264e-05, 0.4, 0.03618378943175142
-0.0005211360075505489, 0.004778142638567129, 0.0008583177459963024, 0.4, 0.03317656377681717
-0.0006819758351706007, -0.0032576309792236025, 1.0112781730651734e-05, 0.4, 0.027776572086766833
-0.0007775446057083357, -0.011445527389581489, 0.0004301688843886295, 0.4, 0.023196170489099027
-0.0006602747881458981, 0.004435658018121735, 0.00032259824065195274, 0.4, 0.020908674927020577
-0.0006801670189604536, -0.003983627418290503, 0.0011232180922513694, 0.4, 0.01645085712514793
-0.0005686286244599437, 0.01180039694467494, 0.0010134810106744313, 0.4, 0.014908467372448532
-0.0005208812302290866, 0.0033274161968233074, 0.0018641486411637334, 0.4, 0.014411668071607802
-0.0004321249780492309, -0.005212880550246268, 0.0017914518783681177, 0.4, 0.014005940528422153
-0.00031983104616184477, 0.010556973948324444, 0.0014139956950253467, 0.4, 0.013835713313344834
-0.00023854571002424052, 0.001954085266011596, 0.0014056148112181832, 0.4, 0.013557948890413684
-0.0001762886407812303, -0.0065996137964416945, 0.0007642146837342068, 0.4, 0.013361161346891186
-0.0001392465764080697, 0.00912826780131848, 0.0004130235918569752, 0.4, 0.013292461064424627
-0.00014333310042990988, 0.0005160227318863342, 0.00033981723001954536, 0.4, 0.013213857008034069
-0.00017169304386577267, 0.0019797076838266037, 0.004171597770016022, 0.4, 0.19666740523152934
0.0007294223406986156, -0.0009461562993009487, 0.03767237017183128, 0.4, 0.6976374138813054
0.003984672930659627, -0.004467068440822786, 0.0718916968089133, 0.3067780079688923, 0.8
0.005893406370370613, 0.00430337551542781, 0.06863639221404216, 0.2738035130502487, 0.8
0.0076819925589712845, 0.007167008335038361, 0.05843577089506619, 0.26568979210594607, 0.8
0.010896472804740931, 0.004745876289450557, 0.06910483962557266, 0.27594439545495897, 0.8
0.015807938759639928, -0.00026680746253759935, 0.06295327639244172, 0.3029137429183029, 0.8
0.012227098460498187, 0.008266541993508625, 0.018602937036614448, 0.3228188121377264, 0.8
0.015301665394995556, 0.0031918668661576888, 0.003672081804134078, 0.36046510111336705, 0.7656315538934285
0.0065765614183792565, 0.012096984940028754, 0.043540633913493006, 0.3784948841557698, 0.7362139281096889
0.006489631601751089, 0.006922105430800851, 0.06988444114072892, 0.4, 0.64197878859519
0.005416339260730041, 0.0004223398412066537, 0.09801997977416074, 0.4, 0.5212597179505521
0.003041168084532586, -0.006486138679465903, 0.10420977970435341, 0.4, 0.4183526717860014
-0.014139799539039544, -0.00042420338078130726, 0.11227881283811265, 0.4, 0.37341649707742425
-0.013536436852197298, -0.00971992819090417, 0.09950079418891973, 0.4, 0.2953113105391498
-0.010333563135305646, -0.019482227349920223, 0.0804160202101309, 0.4, 0.23073568252593213
-0.00441856796460538, -0.029249514507052154, 0.05606512885961647, 0.4, 0.17705534160471592
-0.016045602870416786, -0.024181601811852804, 0.031218330873315006, 0.4, 0.15353742291104236
-0.006310958951785572, -0.03235845572338558, 0.00038602448045048707, 0.4, 0.11180592943466347
-0.015696719750025068, -0.02519643979089503, 0.024308984639153056, 0.4, 0.09312412418026593
-0.0030816651937937145, -0.03117023905431804, 0.051229070193094785, 0.4, 0.05911723122314492
-0.010992283351949794, -0.02159258001919806, 0.06999828314085439, 0.4, 0.04344549353375924
0.0029621142458031713, -0.025301109338643712, 0.08474717806830644, 0.4, 0.015014562911126156
-0.004417084062465104, -0.013843200039889147, 0.09461940183037024, 0.4, -0.010766445718218137
-0.012068195712600538, -0.0016412904041276377, 0.09716200184299838, 0.4, -0.012696898019206287
0.0016175983873121247, -0.0035044975831066694, 0.09475894080201379, 0.4, -0.0403326310654508
-0.006126938447576169, 0.008584953197154022, 0.08853255780255068, 0.4, -0.05349787368908828
0.007165373001149611, 0.005661519516428015, 0.07415960680380522, 0.4, -0.07970246896524318
-0.0009867931700386912, 0.0163075179794534, 0.06030611741729385, 0.4, -0.09278293074806847
0.010625646028166624, 0.011982100199199763, 0.0396525664769196, 0.4, -0.11883633912415933
0.0010869510618314315, 0.0212717929248738, 0.022612692856455598, 0.4, -0.13170115021864637
0.010042630679766518, 0.015757365735555418, 0.0009159381898862637, 0.4, -0.15657303311832804
-0.0013684609939881298, 0.024116407544268803, 0.014485645646943197, 0.4, -0.16823813940684004
0.004492538808068769, 0.017939244687671163, 0.03362908506011145, 0.4, -0.18878460883215686
0.008305598374872325, 0.011819532151311485, 0.04970210878342536, 0.4, -0.2032818636698955
0.010309963630913632, 0.005848420625602202, 0.06289667461512442, 0.4, -0.2080888462328352
0.010470068975254598, 0.00048717706362833013, 0.06830724782224301, 0.4, -0.19879450887140213
0.00922519722562054, -0.004002980711230286, 0.06826572928423802, 0.4, -0.17077206195899705
-0.007166717225647545, 0.006373160502668895, 0.05895088175310445, 0.4, -0.14847378010911952
-0.008524910503865613, 0.0030814656507942573, 0.05004150766184467, 0.4, -0.08582342878546627
-0.009664306199236972, 0.00037793037535927, 0.03800136818022472, 0.4, 0.03333730819894571
-0.0007301598500988327, -0.011325815791528804, 0.02519107409719039, 0.4, 0.06529709742949934
-0.003879051690438118, -0.010002252874195428, 0.013272752423211253, 0.4, 0.10054431119784728
-0.00647390918814672, -0.008282133598558339, 0.001702216980711336, 0.4, 0.1368992821351703
-0.008569327029280593, -0.006126157622746042, 0.010681564794847768, 0.4, 0.17092784325339055
-0.010296954339029885, -0.0034501463671094967, 0.0206731260200275, 0.4, 0.20249712810327644
-0.011782498032568256, -0.0003619285810909645, 0.02864893801471987, 0.4, 0.23143258549589227
0.0008625435876021825, -0.008331863659519101, 0.043378849540144815, 0.4, 0.2694403660743545
-0.0001488080433174055, -0.004283905298654744, 0.0458728030996108, 0.4, 0.290855755252398
-0.0012131742449819072, -0.0002754487082707868, 0.04545579686283878, 0.4, 0.308883308226463
-0.0022481527308371163, 0.0034621776955461314, 0.042302511521662374, 0.4, 0.3233465137518794
-0.003136364640682565, 0.006600058559491195, 0.03592299462920968, 0.4, 0.33412543130238925
0.012025560049409911, -0.00026099442289329033, 0.038626649382925836, 0.4, 0.3433095683558606
0.01173040026198846, 0.001926284522250299, 0.028457052358299463, 0.4, 0.3448690913417659
0.011627811000204158, 0.0031623673489988846, 0.016624422748182356, 0.4, 0.3429712884584675
0.011463772694710883, 0.003628460282022239, 0.005099892596382299, 0.4, 0.3378765692002756
0.011323821796162203, 0.0033842764430902506, 0.005266715496995953, 0.4, 0.329914778802333
0.01141550357739396, 0.002405505126610308, 0.014510563995499612, 0.4, 0.31946624640851085
0.011564020974693667, 0.0008499217564397199, 0.02164173125986627, 0.4, 0.30694025072053543
-0.007229519734971879, 0.004953364185182885, 0.034965983876815786, 0.4, 0.30002865583748867
-0.006921253392587978, 0.0022006034621968595, 0.0372174673434232, 0.4, 0.2851643572991516
-0.006014962341207797, -0.0007338473569502568, 0.03618236586020144, 0.4, 0.26923564981211434
-0.004167995760734122, -0.00367108087990875, 0.03271238034564768, 0.4, 0.25259925666917454
-0.0013299035415259564, -0.006458794086325881, 0.027344869286758503, 0.4, 0.23556727200110658
0.002500443514563244, -0.008906879664034584, 0.019105869877068932, 0.4, 0.21840179861888565
0.007302708700947624, -0.010853301613411581, 0.010096609918783353, 0.4, 0.20131330137707365
-0.009234917635266182, -0.009114111603868658, 0.006748529774001589, 0.4, 0.19284982522854033
-0.0031512924983521096, -0.010207818947193914, 0.004274284886399792, 0.4, 0.1761619815233689
0.0036885368638377436, -0.010620349103694693, 0.013702769918446232, 0.4, 0.1598641413455228
-0.011988644990056141, -0.008270437789859031, 0.01779289174011436, 0.4, 0.15187871344468334
-0.004292291468630083, -0.007751910071501555, 0.025778363173457684, 0.4, 0.1362494209542337
0.003933069163114977, -0.006704333618650082, 0.03130582208018723, 0.4, 0.1210715576266297
-0.01144123535542696, -0.00395546684350645, 0.031714850862633835, 0.4, 0.11364369011979415
-0.0027204392299957636, -0.0024684171755007256, 0.03346381197505762, 0.4, 0.09907953977225832
0.0065307081111112275, -0.0008393182593682269, 0.03332110876061441, 0.4, 0.08484653321257381
-0.008340016980407317, 0.001425108922614271, 0.028069525233332546, 0.4, 0.07782753798810968
0.0018492318414109477, 0.002722532928893351, 0.023793347637048053, 0.4, 0.06391990074532815
0.012534493065725849, 0.0038223772941679, 0.01896439439549962, 0.4, 0.05008482780401878
-0.001567444821791053, 0.004836168252694506, 0.011084983706088868, 0.4, 0.04315153450433852
0.009643322946189414, 0.005197884534983821, 0.0045959501132745205, 0.4, 0.029154923224338176
-0.004344622323479319, 0.005282006390997296, 3.9979405965070454, 0.4, 0.02265142148963823
0.006933549537813555, 0.0049354670586803095, 3.9917160258848527, 0.3460860743159519, 0.010846491115207533
-0.005649743990827849, 0.004146400149976692, 3.9781775179865524, 0.3155907496149309, 0.009890754109380982
